0,0,Depth First Search,30,659
0,0,Random Walk,30,313
0,0,Euclidean,30,659
0,1,Depth First Search,31,146
0,1,Random Walk,31,582
0,1,Euclidean,31,146
0,2,Depth First Search,23,318
0,2,Random Walk,23,248
0,2,Euclidean,23,318
0,3,Depth First Search,29,996
0,3,Random Walk,29,642
0,3,Euclidean,29,996
0,4,Depth First Search,24,963
0,4,Random Walk,24,163
0,4,Euclidean,24,963
0,5,Depth First Search,46,1089
0,5,Random Walk,46,687
0,5,Euclidean,46,1089
0,6,Depth First Search,72,801
0,6,Random Walk,72,427
0,6,Euclidean,72,801
0,7,Depth First Search,16,601
0,7,Random Walk,16,633
0,7,Euclidean,16,601
0,8,Depth First Search,23,46
0,8,Random Walk,23,1116
0,8,Euclidean,23,46
0,9,Depth First Search,37,938
0,9,Random Walk,37,560
0,9,Euclidean,37,938
1,0,Depth First Search,4,3
1,0,Random Walk,4,3
1,0,Euclidean,4,3
1,1,Depth First Search,54,357
1,1,Random Walk,54,725
1,1,Euclidean,54,357
1,2,Depth First Search,39,152
1,2,Random Walk,39,456
1,2,Euclidean,39,152
1,3,Depth First Search,32,1135
1,3,Random Walk,32,223
1,3,Euclidean,32,1135
1,4,Depth First Search,82,277
1,4,Random Walk,82,717
1,4,Euclidean,82,277
1,5,Depth First Search,69,256
1,5,Random Walk,69,482
1,5,Euclidean,69,256
1,6,Depth First Search,38,589
1,6,Random Walk,38,233
1,6,Euclidean,38,589
1,7,Depth First Search,32,865
1,7,Random Walk,32,1091
1,7,Euclidean,32,865
1,8,Depth First Search,49,420
1,8,Random Walk,49,766
1,8,Euclidean,49,420
1,9,Depth First Search,29,142
1,9,Random Walk,29,516
1,9,Euclidean,29,142
2,0,Depth First Search,42,827
2,0,Random Walk,42,935
2,0,Euclidean,42,827
2,1,Depth First Search,5,1020
2,1,Random Walk,5,1016
2,1,Euclidean,5,1020
2,2,Depth First Search,36,393
2,2,Random Walk,36,815
2,2,Euclidean,36,393
2,3,Depth First Search,46,575
2,3,Random Walk,46,499
2,3,Euclidean,46,575
2,4,Depth First Search,59,606
2,4,Random Walk,59,322
2,4,Euclidean,59,606
2,5,Depth First Search,17,848
2,5,Random Walk,17,36
2,5,Euclidean,17,848
2,6,Depth First Search,34,103
2,6,Random Walk,34,141
2,6,Euclidean,34,103
2,7,Depth First Search,1,0
2,7,Random Walk,1,0
2,7,Euclidean,1,0
2,8,Depth First Search,25,1062
2,8,Random Walk,25,724
2,8,Euclidean,25,1062
2,9,Depth First Search,39,336
2,9,Random Walk,39,366
2,9,Euclidean,39,336
3,0,Depth First Search,38,1091
3,0,Random Walk,38,73
3,0,Euclidean,38,1091
3,1,Depth First Search,31,924
3,1,Random Walk,31,254
3,1,Euclidean,31,924
3,2,Depth First Search,76,863
3,2,Random Walk,76,641
3,2,Euclidean,76,863
3,3,Depth First Search,69,552
3,3,Random Walk,69,388
3,3,Euclidean,69,552
3,4,Depth First Search,16,607
3,4,Random Walk,16,385
3,4,Euclidean,16,607
3,5,Depth First Search,26,1211
3,5,Random Walk,26,631
3,5,Euclidean,26,1211
3,6,Depth First Search,31,254
3,6,Random Walk,31,856
3,6,Euclidean,31,254
3,7,Depth First Search,37,578
3,7,Random Walk,37,714
3,7,Euclidean,37,578
3,8,Depth First Search,16,667
3,8,Random Walk,16,503
3,8,Euclidean,16,667
3,9,Depth First Search,52,491
3,9,Random Walk,52,903
3,9,Euclidean,52,491
4,0,Depth First Search,29,684
4,0,Random Walk,29,170
4,0,Euclidean,29,684
4,1,Depth First Search,23,892
4,1,Random Walk,23,60
4,1,Euclidean,23,892
4,2,Depth First Search,22,1097
4,2,Random Walk,22,593
4,2,Euclidean,22,1097
4,3,Depth First Search,41,834
4,3,Random Walk,41,958
4,3,Euclidean,41,834
4,4,Depth First Search,50,1097
4,4,Random Walk,50,553
4,4,Euclidean,50,1097
4,5,Depth First Search,19,290
4,5,Random Walk,19,1200
4,5,Euclidean,19,290
4,6,Depth First Search,32,737
4,6,Random Walk,32,543
4,6,Euclidean,32,737
4,7,Depth First Search,64,731
4,7,Random Walk,64,535
4,7,Euclidean,64,731
4,8,Depth First Search,55,940
4,8,Random Walk,55,640
4,8,Euclidean,55,940
4,9,Depth First Search,27,596
4,9,Random Walk,27,1156
4,9,Euclidean,27,596
5,0,Depth First Search,58,941
5,0,Random Walk,58,673
5,0,Euclidean,58,941
5,1,Depth First Search,35,292
5,1,Random Walk,35,1018
5,1,Euclidean,35,292
5,2,Depth First Search,20,1155
5,2,Random Walk,20,91
5,2,Euclidean,20,1155
5,3,Depth First Search,52,1097
5,3,Random Walk,52,1079
5,3,Euclidean,52,1097
5,4,Depth First Search,12,13
5,4,Random Walk,12,39
5,4,Euclidean,12,13
5,5,Depth First Search,6,5
5,5,Random Walk,6,19
5,5,Euclidean,6,5
5,6,Depth First Search,44,601
5,6,Random Walk,44,891
5,6,Euclidean,44,601
5,7,Depth First Search,59,306
5,7,Random Walk,59,846
5,7,Euclidean,59,306
5,8,Depth First Search,12,37
5,8,Random Walk,12,443
5,8,Euclidean,12,37
5,9,Depth First Search,50,447
5,9,Random Walk,50,419
5,9,Euclidean,50,447
6,0,Depth First Search,24,1223
6,0,Random Walk,24,593
6,0,Euclidean,24,1223
6,1,Depth First Search,40,543
6,1,Random Walk,40,1049
6,1,Euclidean,40,543
6,2,Depth First Search,58,661
6,2,Random Walk,58,995
6,2,Euclidean,58,661
6,3,Depth First Search,38,297
6,3,Random Walk,38,831
6,3,Euclidean,38,297
6,4,Depth First Search,15,184
6,4,Random Walk,15,96
6,4,Euclidean,15,184
6,5,Depth First Search,21,574
6,5,Random Walk,21,208
6,5,Euclidean,21,574
6,6,Depth First Search,25,1114
6,6,Random Walk,25,604
6,6,Euclidean,25,1114
6,7,Depth First Search,30,221
6,7,Random Walk,30,1131
6,7,Euclidean,30,221
6,8,Depth First Search,20,631
6,8,Random Walk,20,463
6,8,Euclidean,20,631
6,9,Depth First Search,5,28
6,9,Random Walk,5,16
6,9,Euclidean,5,28
7,0,Depth First Search,14,39
7,0,Random Walk,14,1193
7,0,Euclidean,14,39
7,1,Depth First Search,23,332
7,1,Random Walk,23,274
7,1,Euclidean,23,332
7,2,Depth First Search,43,684
7,2,Random Walk,43,914
7,2,Euclidean,43,684
7,3,Depth First Search,35,1130
7,3,Random Walk,35,742
7,3,Euclidean,35,1130
7,4,Depth First Search,17,256
7,4,Random Walk,17,262
7,4,Euclidean,17,256
7,5,Depth First Search,22,1015
7,5,Random Walk,22,881
7,5,Euclidean,22,1015
7,6,Depth First Search,43,772
7,6,Random Walk,43,518
7,6,Euclidean,43,772
7,7,Depth First Search,32,323
7,7,Random Walk,32,1167
7,7,Euclidean,32,323
7,8,Depth First Search,69,964
7,8,Random Walk,69,610
7,8,Euclidean,69,964
7,9,Depth First Search,26,45
7,9,Random Walk,26,161
7,9,Euclidean,26,45
8,0,Depth First Search,49,848
8,0,Random Walk,49,754
8,0,Euclidean,49,848
8,1,Depth First Search,40,317
8,1,Random Walk,40,953
8,1,Euclidean,40,317
8,2,Depth First Search,39,396
8,2,Random Walk,39,776
8,2,Euclidean,39,396
8,3,Depth First Search,73,684
8,3,Random Walk,73,556
8,3,Euclidean,73,684
8,4,Depth First Search,44,1027
8,4,Random Walk,44,931
8,4,Euclidean,44,1027
8,5,Depth First Search,41,582
8,5,Random Walk,41,778
8,5,Euclidean,41,582
8,6,Depth First Search,16,1045
8,6,Random Walk,16,1043
8,6,Euclidean,16,1045
8,7,Depth First Search,59,442
8,7,Random Walk,59,224
8,7,Euclidean,59,442
8,8,Depth First Search,16,37
8,8,Random Walk,16,23
8,8,Euclidean,16,37
8,9,Depth First Search,52,647
8,9,Random Walk,52,561
8,9,Euclidean,52,647
9,0,Depth First Search,69,812
9,0,Random Walk,69,684
9,0,Euclidean,69,812
9,1,Depth First Search,72,739
9,1,Random Walk,72,751
9,1,Euclidean,72,739
9,2,Depth First Search,73,552
9,2,Random Walk,73,528
9,2,Euclidean,73,552
9,3,Depth First Search,30,555
9,3,Random Walk,30,855
9,3,Euclidean,30,555
9,4,Depth First Search,47,632
9,4,Random Walk,47,218
9,4,Euclidean,47,632
9,5,Depth First Search,48,497
9,5,Random Walk,48,755
9,5,Euclidean,48,497
9,6,Depth First Search,64,763
9,6,Random Walk,64,585
9,6,Euclidean,64,763
9,7,Depth First Search,2,39
9,7,Random Walk,2,39
9,7,Euclidean,2,39
9,8,Depth First Search,46,617
9,8,Random Walk,46,567
9,8,Euclidean,46,617
9,9,Depth First Search,43,768
9,9,Random Walk,43,970
9,9,Euclidean,43,768
10,0,Depth First Search,49,396
10,0,Random Walk,49,390
10,0,Euclidean,49,396
10,1,Depth First Search,29,204
10,1,Random Walk,29,416
10,1,Euclidean,29,204
10,2,Depth First Search,43,884
10,2,Random Walk,43,904
10,2,Euclidean,43,884
10,3,Depth First Search,41,460
10,3,Random Walk,41,362
10,3,Euclidean,41,460
10,4,Depth First Search,49,880
10,4,Random Walk,49,702
10,4,Euclidean,49,880
10,5,Depth First Search,29,336
10,5,Random Walk,29,252
10,5,Euclidean,29,336
10,6,Depth First Search,43,890
10,6,Random Walk,43,462
10,6,Euclidean,43,890
10,7,Depth First Search,53,420
10,7,Random Walk,53,350
10,7,Euclidean,53,420
10,8,Depth First Search,47,1100
10,8,Random Walk,47,124
10,8,Euclidean,47,1100
10,9,Depth First Search,47,578
10,9,Random Walk,47,782
10,9,Euclidean,47,578
11,0,Depth First Search,38,791
11,0,Random Walk,38,465
11,0,Euclidean,38,791
11,1,Depth First Search,50,895
11,1,Random Walk,50,397
11,1,Euclidean,50,895
11,2,Depth First Search,8,55
11,2,Random Walk,8,1233
11,2,Euclidean,8,55
11,3,Depth First Search,58,423
11,3,Random Walk,58,831
11,3,Euclidean,58,423
11,4,Depth First Search,5,6
11,4,Random Walk,5,8
11,4,Euclidean,5,6
11,5,Depth First Search,8,29
11,5,Random Walk,8,23
11,5,Euclidean,8,29
11,6,Depth First Search,9,264
11,6,Random Walk,9,40
11,6,Euclidean,9,264
11,7,Depth First Search,35,680
11,7,Random Walk,35,992
11,7,Euclidean,35,680
11,8,Depth First Search,11,156
11,8,Random Walk,11,146
11,8,Euclidean,11,156
11,9,Depth First Search,44,439
11,9,Random Walk,44,377
11,9,Euclidean,44,439
12,0,Depth First Search,29,752
12,0,Random Walk,29,666
12,0,Euclidean,29,752
12,1,Depth First Search,35,434
12,1,Random Walk,35,368
12,1,Euclidean,35,434
12,2,Depth First Search,62,589
12,2,Random Walk,62,641
12,2,Euclidean,62,589
12,3,Depth First Search,23,570
12,3,Random Walk,23,1038
12,3,Euclidean,23,570
12,4,Depth First Search,30,445
12,4,Random Walk,30,257
12,4,Euclidean,30,445
12,5,Depth First Search,7,64
12,5,Random Walk,7,46
12,5,Euclidean,7,64
12,6,Depth First Search,36,1053
12,6,Random Walk,36,343
12,6,Euclidean,36,1053
12,7,Depth First Search,47,632
12,7,Random Walk,47,170
12,7,Euclidean,47,632
12,8,Depth First Search,11,370
12,8,Random Walk,11,1068
12,8,Euclidean,11,370
12,9,Depth First Search,21,88
12,9,Random Walk,21,34
12,9,Euclidean,21,88
13,0,Depth First Search,18,645
13,0,Random Walk,18,135
13,0,Euclidean,18,645
13,1,Depth First Search,30,1171
13,1,Random Walk,30,1089
13,1,Euclidean,30,1171
13,2,Depth First Search,47,950
13,2,Random Walk,47,1050
13,2,Euclidean,47,950
13,3,Depth First Search,71,758
13,3,Random Walk,71,484
13,3,Euclidean,71,758
13,4,Depth First Search,17,1086
13,4,Random Walk,17,1074
13,4,Euclidean,17,1086
13,5,Depth First Search,13,102
13,5,Random Walk,13,104
13,5,Euclidean,13,102
13,6,Depth First Search,25,1026
13,6,Random Walk,25,972
13,6,Euclidean,25,1026
13,7,Depth First Search,28,1193
13,7,Random Walk,28,1001
13,7,Euclidean,28,1193
13,8,Depth First Search,52,1071
13,8,Random Walk,52,361
13,8,Euclidean,52,1071
13,9,Depth First Search,21,622
13,9,Random Walk,21,120
13,9,Euclidean,21,622
14,0,Depth First Search,22,705
14,0,Random Walk,22,817
14,0,Euclidean,22,705
14,1,Depth First Search,25,886
14,1,Random Walk,25,540
14,1,Euclidean,25,886
14,2,Depth First Search,37,544
14,2,Random Walk,37,652
14,2,Euclidean,37,544
14,3,Depth First Search,5,1164
14,3,Random Walk,5,1162
14,3,Euclidean,5,1164
14,4,Depth First Search,21,946
14,4,Random Walk,21,302
14,4,Euclidean,21,946
14,5,Depth First Search,29,742
14,5,Random Walk,29,414
14,5,Euclidean,29,742
14,6,Depth First Search,41,498
14,6,Random Walk,41,1026
14,6,Euclidean,41,498
14,7,Depth First Search,40,241
14,7,Random Walk,40,971
14,7,Euclidean,40,241
14,8,Depth First Search,34,301
14,8,Random Walk,34,843
14,8,Euclidean,34,301
14,9,Depth First Search,34,389
14,9,Random Walk,34,941
14,9,Euclidean,34,389
15,0,Depth First Search,19,74
15,0,Random Walk,19,1168
15,0,Euclidean,19,74
15,1,Depth First Search,44,1143
15,1,Random Walk,44,603
15,1,Euclidean,44,1143
15,2,Depth First Search,36,787
15,2,Random Walk,36,413
15,2,Euclidean,36,787
15,3,Depth First Search,54,1107
15,3,Random Walk,54,517
15,3,Euclidean,54,1107
15,4,Depth First Search,38,501
15,4,Random Walk,38,735
15,4,Euclidean,38,501
15,5,Depth First Search,22,1199
15,5,Random Walk,22,1075
15,5,Euclidean,22,1199
15,6,Depth First Search,6,81
15,6,Random Walk,6,1047
15,6,Euclidean,6,81
15,7,Depth First Search,46,433
15,7,Random Walk,46,809
15,7,Euclidean,46,433
15,8,Depth First Search,32,119
15,8,Random Walk,32,1121
15,8,Euclidean,32,119
15,9,Depth First Search,27,794
15,9,Random Walk,27,558
15,9,Euclidean,27,794
16,0,Depth First Search,33,1212
16,0,Random Walk,33,408
16,0,Euclidean,33,1212
16,1,Depth First Search,23,1092
16,1,Random Walk,23,136
16,1,Euclidean,23,1092
16,2,Depth First Search,50,425
16,2,Random Walk,50,793
16,2,Euclidean,50,425
16,3,Depth First Search,43,694
16,3,Random Walk,43,184
16,3,Euclidean,43,694
16,4,Depth First Search,54,787
16,4,Random Walk,54,475
16,4,Euclidean,54,787
16,5,Depth First Search,32,467
16,5,Random Walk,32,245
16,5,Euclidean,32,467
16,6,Depth First Search,58,349
16,6,Random Walk,58,817
16,6,Euclidean,58,349
16,7,Depth First Search,37,390
16,7,Random Walk,37,964
16,7,Euclidean,37,390
16,8,Depth First Search,33,278
16,8,Random Walk,33,640
16,8,Euclidean,33,278
16,9,Depth First Search,36,797
16,9,Random Walk,36,553
16,9,Euclidean,36,797
17,0,Depth First Search,32,801
17,0,Random Walk,32,249
17,0,Euclidean,32,801
17,1,Depth First Search,32,791
17,1,Random Walk,32,771
17,1,Euclidean,32,791
17,2,Depth First Search,39,610
17,2,Random Walk,39,746
17,2,Euclidean,39,610
17,3,Depth First Search,46,711
17,3,Random Walk,46,949
17,3,Euclidean,46,711
17,4,Depth First Search,37,920
17,4,Random Walk,37,446
17,4,Euclidean,37,920
17,5,Depth First Search,41,1180
17,5,Random Walk,41,1060
17,5,Euclidean,41,1180
17,6,Depth First Search,20,221
17,6,Random Walk,20,205
17,6,Euclidean,20,221
17,7,Depth First Search,43,910
17,7,Random Walk,43,284
17,7,Euclidean,43,910
17,8,Depth First Search,29,486
17,8,Random Walk,29,692
17,8,Euclidean,29,486
17,9,Depth First Search,18,737
17,9,Random Walk,18,1107
17,9,Euclidean,18,737
18,0,Depth First Search,9,304
18,0,Random Walk,9,1236
18,0,Euclidean,9,304
18,1,Depth First Search,7,1208
18,1,Random Walk,7,1186
18,1,Euclidean,7,1208
18,2,Depth First Search,10,125
18,2,Random Walk,10,11
18,2,Euclidean,10,125
18,3,Depth First Search,16,41
18,3,Random Walk,16,41
18,3,Euclidean,16,41
18,4,Depth First Search,33,980
18,4,Random Walk,33,228
18,4,Euclidean,33,980
18,5,Depth First Search,34,531
18,5,Random Walk,34,613
18,5,Euclidean,34,531
18,6,Depth First Search,12,913
18,6,Random Walk,12,427
18,6,Euclidean,12,913
18,7,Depth First Search,76,751
18,7,Random Walk,76,827
18,7,Euclidean,76,751
18,8,Depth First Search,48,967
18,8,Random Walk,48,159
18,8,Euclidean,48,967
18,9,Depth First Search,36,521
18,9,Random Walk,36,611
18,9,Euclidean,36,521
19,0,Depth First Search,21,244
19,0,Random Walk,21,956
19,0,Euclidean,21,244
19,1,Depth First Search,63,782
19,1,Random Walk,63,724
19,1,Euclidean,63,782
19,2,Depth First Search,20,1071
19,2,Random Walk,20,149
19,2,Euclidean,20,1071
19,3,Depth First Search,21,498
19,3,Random Walk,21,632
19,3,Euclidean,21,498
19,4,Depth First Search,49,460
19,4,Random Walk,49,862
19,4,Euclidean,49,460
19,5,Depth First Search,58,579
19,5,Random Walk,58,769
19,5,Euclidean,58,579
19,6,Depth First Search,38,967
19,6,Random Walk,38,419
19,6,Euclidean,38,967
19,7,Depth First Search,49,1110
19,7,Random Walk,49,726
19,7,Euclidean,49,1110
19,8,Depth First Search,31,306
19,8,Random Walk,31,360
19,8,Euclidean,31,306
19,9,Depth First Search,21,186
19,9,Random Walk,21,158
19,9,Euclidean,21,186
20,0,Depth First Search,34,433
20,0,Random Walk,34,853
20,0,Euclidean,34,433
20,1,Depth First Search,53,486
20,1,Random Walk,53,378
20,1,Euclidean,53,486
20,2,Depth First Search,20,1001
20,2,Random Walk,20,159
20,2,Euclidean,20,1001
20,3,Depth First Search,20,149
20,3,Random Walk,20,157
20,3,Euclidean,20,149
20,4,Depth First Search,45,784
20,4,Random Walk,45,1116
20,4,Euclidean,45,784
20,5,Depth First Search,56,623
20,5,Random Walk,56,703
20,5,Euclidean,56,623
20,6,Depth First Search,42,523
20,6,Random Walk,42,493
20,6,Euclidean,42,523
20,7,Depth First Search,14,73
20,7,Random Walk,14,1209
20,7,Euclidean,14,73
20,8,Depth First Search,4,3
20,8,Random Walk,4,3
20,8,Euclidean,4,3
20,9,Depth First Search,38,149
20,9,Random Walk,38,1087
20,9,Euclidean,38,149
21,0,Depth First Search,32,363
21,0,Random Walk,32,243
21,0,Euclidean,32,363
21,1,Depth First Search,17,766
21,1,Random Walk,17,446
21,1,Euclidean,17,766
21,2,Depth First Search,18,153
21,2,Random Walk,18,991
21,2,Euclidean,18,153
21,3,Depth First Search,43,730
21,3,Random Walk,43,928
21,3,Euclidean,43,730
21,4,Depth First Search,54,713
21,4,Random Walk,54,413
21,4,Euclidean,54,713
21,5,Depth First Search,60,859
21,5,Random Walk,60,379
21,5,Euclidean,60,859
21,6,Depth First Search,42,363
21,6,Random Walk,42,885
21,6,Euclidean,42,363
21,7,Depth First Search,19,390
21,7,Random Walk,19,410
21,7,Euclidean,19,390
21,8,Depth First Search,59,818
21,8,Random Walk,59,678
21,8,Euclidean,59,818
21,9,Depth First Search,33,152
21,9,Random Walk,33,106
21,9,Euclidean,33,152
22,0,Depth First Search,45,1064
22,0,Random Walk,45,928
22,0,Euclidean,45,1064
22,1,Depth First Search,25,878
22,1,Random Walk,25,380
22,1,Euclidean,25,878
22,2,Depth First Search,18,33
22,2,Random Walk,18,125
22,2,Euclidean,18,33
22,3,Depth First Search,53,558
22,3,Random Walk,53,580
22,3,Euclidean,53,558
22,4,Depth First Search,7,144
22,4,Random Walk,7,136
22,4,Euclidean,7,144
22,5,Depth First Search,70,977
22,5,Random Walk,70,611
22,5,Euclidean,70,977
22,6,Depth First Search,16,39
22,6,Random Walk,16,1121
22,6,Euclidean,16,39
22,7,Depth First Search,19,212
22,7,Random Walk,19,1102
22,7,Euclidean,19,212
22,8,Depth First Search,5,1240
22,8,Random Walk,5,1240
22,8,Euclidean,5,1240
22,9,Depth First Search,68,795
22,9,Random Walk,68,667
22,9,Euclidean,68,795
23,0,Depth First Search,24,1197
23,0,Random Walk,24,887
23,0,Euclidean,24,1197
23,1,Depth First Search,47,318
23,1,Random Walk,47,428
23,1,Euclidean,47,318
23,2,Depth First Search,39,756
23,2,Random Walk,39,238
23,2,Euclidean,39,756
23,3,Depth First Search,50,533
23,3,Random Walk,50,701
23,3,Euclidean,50,533
23,4,Depth First Search,5,4
23,4,Random Walk,5,1204
23,4,Euclidean,5,4
23,5,Depth First Search,16,1077
23,5,Random Walk,16,59
23,5,Euclidean,16,1077
23,6,Depth First Search,41,1128
23,6,Random Walk,41,816
23,6,Euclidean,41,1128
23,7,Depth First Search,17,1110
23,7,Random Walk,17,1042
23,7,Euclidean,17,1110
23,8,Depth First Search,37,186
23,8,Random Walk,37,1024
23,8,Euclidean,37,186
23,9,Depth First Search,69,1058
23,9,Random Walk,69,840
23,9,Euclidean,69,1058
24,0,Depth First Search,25,1042
24,0,Random Walk,25,666
24,0,Euclidean,25,1042
24,1,Depth First Search,16,1063
24,1,Random Walk,16,1077
24,1,Euclidean,16,1063
24,2,Depth First Search,40,179
24,2,Random Walk,40,197
24,2,Euclidean,40,179
24,3,Depth First Search,40,713
24,3,Random Walk,40,273
24,3,Euclidean,40,713
24,4,Depth First Search,20,697
24,4,Random Walk,20,1041
24,4,Euclidean,20,697
24,5,Depth First Search,32,831
24,5,Random Walk,32,955
24,5,Euclidean,32,831
24,6,Depth First Search,22,311
24,6,Random Walk,22,331
24,6,Euclidean,22,311
24,7,Depth First Search,18,181
24,7,Random Walk,18,133
24,7,Euclidean,18,181
24,8,Depth First Search,17,68
24,8,Random Walk,17,1204
24,8,Euclidean,17,68
24,9,Depth First Search,12,949
24,9,Random Walk,12,375
24,9,Euclidean,12,949
25,0,Depth First Search,61,258
25,0,Random Walk,61,642
25,0,Euclidean,61,258
25,1,Depth First Search,42,101
25,1,Random Walk,42,779
25,1,Euclidean,42,101
25,2,Depth First Search,38,825
25,2,Random Walk,38,249
25,2,Euclidean,38,825
25,3,Depth First Search,53,844
25,3,Random Walk,53,210
25,3,Euclidean,53,844
25,4,Depth First Search,30,73
25,4,Random Walk,30,975
25,4,Euclidean,30,73
25,5,Depth First Search,46,511
25,5,Random Walk,46,525
25,5,Euclidean,46,511
25,6,Depth First Search,32,275
25,6,Random Walk,32,269
25,6,Euclidean,32,275
25,7,Depth First Search,32,379
25,7,Random Walk,32,481
25,7,Euclidean,32,379
25,8,Depth First Search,31,760
25,8,Random Walk,31,1138
25,8,Euclidean,31,760
25,9,Depth First Search,31,566
25,9,Random Walk,31,620
25,9,Euclidean,31,566
26,0,Depth First Search,39,1080
26,0,Random Walk,39,1054
26,0,Euclidean,39,1080
26,1,Depth First Search,29,394
26,1,Random Walk,29,278
26,1,Euclidean,29,394
26,2,Depth First Search,24,897
26,2,Random Walk,24,411
26,2,Euclidean,24,897
26,3,Depth First Search,27,510
26,3,Random Walk,27,778
26,3,Euclidean,27,510
26,4,Depth First Search,38,863
26,4,Random Walk,38,959
26,4,Euclidean,38,863
26,5,Depth First Search,27,1032
26,5,Random Walk,27,658
26,5,Euclidean,27,1032
26,6,Depth First Search,50,569
26,6,Random Walk,50,693
26,6,Euclidean,50,569
26,7,Depth First Search,10,1167
26,7,Random Walk,10,11
26,7,Euclidean,10,1167
26,8,Depth First Search,24,389
26,8,Random Walk,24,1077
26,8,Euclidean,24,389
26,9,Depth First Search,12,183
26,9,Random Walk,12,997
26,9,Euclidean,12,183
27,0,Depth First Search,70,543
27,0,Random Walk,70,585
27,0,Euclidean,70,543
27,1,Depth First Search,37,124
27,1,Random Walk,37,190
27,1,Euclidean,37,124
27,2,Depth First Search,70,831
27,2,Random Walk,70,885
27,2,Euclidean,70,831
27,3,Depth First Search,53,482
27,3,Random Walk,53,704
27,3,Euclidean,53,482
27,4,Depth First Search,19,1214
27,4,Random Walk,19,814
27,4,Euclidean,19,1214
27,5,Depth First Search,71,638
27,5,Random Walk,71,372
27,5,Euclidean,71,638
27,6,Depth First Search,45,86
27,6,Random Walk,45,150
27,6,Euclidean,45,86
27,7,Depth First Search,58,289
27,7,Random Walk,58,669
27,7,Euclidean,58,289
27,8,Depth First Search,19,30
27,8,Random Walk,19,36
27,8,Euclidean,19,30
27,9,Depth First Search,58,479
27,9,Random Walk,58,685
27,9,Euclidean,58,479
28,0,Depth First Search,12,925
28,0,Random Walk,12,57
28,0,Euclidean,12,925
28,1,Depth First Search,7,1240
28,1,Random Walk,7,8
28,1,Euclidean,7,1240
28,2,Depth First Search,59,730
28,2,Random Walk,59,558
28,2,Euclidean,59,730
28,3,Depth First Search,28,157
28,3,Random Walk,28,1157
28,3,Euclidean,28,157
28,4,Depth First Search,51,646
28,4,Random Walk,51,650
28,4,Euclidean,51,646
28,5,Depth First Search,33,166
28,5,Random Walk,33,166
28,5,Euclidean,33,166
28,6,Depth First Search,53,360
28,6,Random Walk,53,294
28,6,Euclidean,53,360
28,7,Depth First Search,28,217
28,7,Random Walk,28,85
28,7,Euclidean,28,217
28,8,Depth First Search,28,129
28,8,Random Walk,28,791
28,8,Euclidean,28,129
28,9,Depth First Search,45,214
28,9,Random Walk,45,184
28,9,Euclidean,45,214
29,0,Depth First Search,40,549
29,0,Random Walk,40,635
29,0,Euclidean,40,549
29,1,Depth First Search,13,34
29,1,Random Walk,13,114
29,1,Euclidean,13,34
29,2,Depth First Search,26,1175
29,2,Random Walk,26,785
29,2,Euclidean,26,1175
29,3,Depth First Search,33,1064
29,3,Random Walk,33,874
29,3,Euclidean,33,1064
29,4,Depth First Search,32,849
29,4,Random Walk,32,1067
29,4,Euclidean,32,849
29,5,Depth First Search,28,1067
29,5,Random Walk,28,851
29,5,Euclidean,28,1067
29,6,Depth First Search,5,284
29,6,Random Walk,5,966
29,6,Euclidean,5,284
29,7,Depth First Search,13,212
29,7,Random Walk,13,186
29,7,Euclidean,13,212
29,8,Depth First Search,14,41
29,8,Random Walk,14,1215
29,8,Euclidean,14,41
29,9,Depth First Search,31,854
29,9,Random Walk,31,1044
29,9,Euclidean,31,854
30,0,Depth First Search,34,687
30,0,Random Walk,34,1137
30,0,Euclidean,34,687
30,1,Depth First Search,26,527
30,1,Random Walk,26,75
30,1,Euclidean,26,527
30,2,Depth First Search,36,473
30,2,Random Walk,36,283
30,2,Euclidean,36,473
30,3,Depth First Search,54,973
30,3,Random Walk,54,223
30,3,Euclidean,54,973
30,4,Depth First Search,32,563
30,4,Random Walk,32,801
30,4,Euclidean,32,563
30,5,Depth First Search,55,636
30,5,Random Walk,55,786
30,5,Euclidean,55,636
30,6,Depth First Search,80,635
30,6,Random Walk,80,595
30,6,Euclidean,80,635
30,7,Depth First Search,30,343
30,7,Random Walk,30,393
30,7,Euclidean,30,343
30,8,Depth First Search,33,1098
30,8,Random Walk,33,174
30,8,Euclidean,33,1098
30,9,Depth First Search,39,424
30,9,Random Walk,39,450
30,9,Euclidean,39,424
31,0,Depth First Search,26,977
31,0,Random Walk,26,289
31,0,Euclidean,26,977
31,1,Depth First Search,23,224
31,1,Random Walk,23,932
31,1,Euclidean,23,224
31,2,Depth First Search,18,115
31,2,Random Walk,18,1049
31,2,Euclidean,18,115
31,3,Depth First Search,19,174
31,3,Random Walk,19,754
31,3,Euclidean,19,174
31,4,Depth First Search,21,100
31,4,Random Walk,21,1216
31,4,Euclidean,21,100
31,5,Depth First Search,37,590
31,5,Random Walk,37,788
31,5,Euclidean,37,590
31,6,Depth First Search,32,1077
31,6,Random Walk,32,783
31,6,Euclidean,32,1077
31,7,Depth First Search,28,491
31,7,Random Walk,28,321
31,7,Euclidean,28,491
31,8,Depth First Search,33,596
31,8,Random Walk,33,698
31,8,Euclidean,33,596
31,9,Depth First Search,22,157
31,9,Random Walk,22,1171
31,9,Euclidean,22,157
32,0,Depth First Search,10,69
32,0,Random Walk,10,89
32,0,Euclidean,10,69
32,1,Depth First Search,24,261
32,1,Random Walk,24,279
32,1,Euclidean,24,261
32,2,Depth First Search,44,747
32,2,Random Walk,44,447
32,2,Euclidean,44,747
32,3,Depth First Search,30,1159
32,3,Random Walk,30,679
32,3,Euclidean,30,1159
32,4,Depth First Search,8,9
32,4,Random Walk,8,1201
32,4,Euclidean,8,9
32,5,Depth First Search,28,987
32,5,Random Walk,28,133
32,5,Euclidean,28,987
32,6,Depth First Search,10,15
32,6,Random Walk,10,1211
32,6,Euclidean,10,15
32,7,Depth First Search,18,27
32,7,Random Walk,18,271
32,7,Euclidean,18,27
32,8,Depth First Search,30,1091
32,8,Random Walk,30,117
32,8,Euclidean,30,1091
32,9,Depth First Search,34,403
32,9,Random Walk,34,329
32,9,Euclidean,34,403
33,0,Depth First Search,42,829
33,0,Random Walk,42,489
33,0,Euclidean,42,829
33,1,Depth First Search,27,354
33,1,Random Walk,27,300
33,1,Euclidean,27,354
33,2,Depth First Search,42,811
33,2,Random Walk,42,201
33,2,Euclidean,42,811
33,3,Depth First Search,59,664
33,3,Random Walk,59,350
33,3,Euclidean,59,664
33,4,Depth First Search,3,60
33,4,Random Walk,3,60
33,4,Euclidean,3,60
33,5,Depth First Search,14,369
33,5,Random Walk,14,923
33,5,Euclidean,14,369
33,6,Depth First Search,32,995
33,6,Random Walk,32,1009
33,6,Euclidean,32,995
33,7,Depth First Search,19,1136
33,7,Random Walk,19,180
33,7,Euclidean,19,1136
33,8,Depth First Search,21,1124
33,8,Random Walk,21,50
33,8,Euclidean,21,1124
33,9,Depth First Search,14,861
33,9,Random Walk,14,61
33,9,Euclidean,14,861
34,0,Depth First Search,28,441
34,0,Random Walk,28,1013
34,0,Euclidean,28,441
34,1,Depth First Search,49,594
34,1,Random Walk,49,636
34,1,Euclidean,49,594
34,2,Depth First Search,9,26
34,2,Random Walk,9,920
34,2,Euclidean,9,26
34,3,Depth First Search,24,481
34,3,Random Walk,24,587
34,3,Euclidean,24,481
34,4,Depth First Search,49,924
34,4,Random Walk,49,276
34,4,Euclidean,49,924
34,5,Depth First Search,14,1161
34,5,Random Walk,14,139
34,5,Euclidean,14,1161
34,6,Depth First Search,49,806
34,6,Random Walk,49,338
34,6,Euclidean,49,806
34,7,Depth First Search,47,170
34,7,Random Walk,47,284
34,7,Euclidean,47,170
34,8,Depth First Search,44,493
34,8,Random Walk,44,1127
34,8,Euclidean,44,493
34,9,Depth First Search,22,991
34,9,Random Walk,22,193
34,9,Euclidean,22,991
35,0,Depth First Search,71,1054
35,0,Random Walk,71,940
35,0,Euclidean,71,1054
35,1,Depth First Search,53,418
35,1,Random Walk,53,436
35,1,Euclidean,53,418
35,2,Depth First Search,65,1014
35,2,Random Walk,65,996
35,2,Euclidean,65,1014
35,3,Depth First Search,30,115
35,3,Random Walk,30,957
35,3,Euclidean,30,115
35,4,Depth First Search,63,940
35,4,Random Walk,63,660
35,4,Euclidean,63,940
35,5,Depth First Search,39,382
35,5,Random Walk,39,1152
35,5,Euclidean,39,382
35,6,Depth First Search,64,1045
35,6,Random Walk,64,791
35,6,Euclidean,64,1045
35,7,Depth First Search,39,1062
35,7,Random Walk,39,916
35,7,Euclidean,39,1062
35,8,Depth First Search,43,538
35,8,Random Walk,43,610
35,8,Euclidean,43,538
35,9,Depth First Search,45,272
35,9,Random Walk,45,534
35,9,Euclidean,45,272
36,0,Depth First Search,52,691
36,0,Random Walk,52,567
36,0,Euclidean,52,691
36,1,Depth First Search,56,1013
36,1,Random Walk,56,633
36,1,Euclidean,56,1013
36,2,Depth First Search,67,1016
36,2,Random Walk,67,450
36,2,Euclidean,67,1016
36,3,Depth First Search,3,1048
36,3,Random Walk,3,54
36,3,Euclidean,3,1048
36,4,Depth First Search,11,274
36,4,Random Walk,11,998
36,4,Euclidean,11,274
36,5,Depth First Search,65,832
36,5,Random Walk,65,356
36,5,Euclidean,65,832
36,6,Depth First Search,52,1025
36,6,Random Walk,52,617
36,6,Euclidean,52,1025
36,7,Depth First Search,36,1105
36,7,Random Walk,36,303
36,7,Euclidean,36,1105
36,8,Depth First Search,19,1226
36,8,Random Walk,19,114
36,8,Euclidean,19,1226
36,9,Depth First Search,41,768
36,9,Random Walk,41,234
36,9,Euclidean,41,768
37,0,Depth First Search,37,778
37,0,Random Walk,37,648
37,0,Euclidean,37,778
37,1,Depth First Search,77,846
37,1,Random Walk,77,880
37,1,Euclidean,77,846
37,2,Depth First Search,34,247
37,2,Random Walk,34,209
37,2,Euclidean,34,247
37,3,Depth First Search,48,1151
37,3,Random Walk,48,651
37,3,Euclidean,48,1151
37,4,Depth First Search,14,191
37,4,Random Walk,14,925
37,4,Euclidean,14,191
37,5,Depth First Search,36,643
37,5,Random Walk,36,1061
37,5,Euclidean,36,643
37,6,Depth First Search,32,1033
37,6,Random Walk,32,613
37,6,Euclidean,32,1033
37,7,Depth First Search,21,26
37,7,Random Walk,21,1084
37,7,Euclidean,21,26
37,8,Depth First Search,32,479
37,8,Random Walk,32,323
37,8,Euclidean,32,479
37,9,Depth First Search,16,1153
37,9,Random Walk,16,99
37,9,Euclidean,16,1153
38,0,Depth First Search,52,409
38,0,Random Walk,52,1009
38,0,Euclidean,52,409
38,1,Depth First Search,50,837
38,1,Random Walk,50,755
38,1,Euclidean,50,837
38,2,Depth First Search,1,0
38,2,Random Walk,1,0
38,2,Euclidean,1,0
38,3,Depth First Search,27,100
38,3,Random Walk,27,118
38,3,Euclidean,27,100
38,4,Depth First Search,28,737
38,4,Random Walk,28,443
38,4,Euclidean,28,737
38,5,Depth First Search,4,129
38,5,Random Walk,4,11
38,5,Euclidean,4,129
38,6,Depth First Search,18,559
38,6,Random Walk,18,509
38,6,Euclidean,18,559
38,7,Depth First Search,45,216
38,7,Random Walk,45,890
38,7,Euclidean,45,216
38,8,Depth First Search,35,988
38,8,Random Walk,35,200
38,8,Euclidean,35,988
38,9,Depth First Search,45,260
38,9,Random Walk,45,168
38,9,Euclidean,45,260
39,0,Depth First Search,22,191
39,0,Random Walk,22,95
39,0,Euclidean,22,191
39,1,Depth First Search,10,95
39,1,Random Walk,10,71
39,1,Euclidean,10,95
39,2,Depth First Search,42,575
39,2,Random Walk,42,613
39,2,Euclidean,42,575
39,3,Depth First Search,40,147
39,3,Random Walk,40,1055
39,3,Euclidean,40,147
39,4,Depth First Search,60,585
39,4,Random Walk,60,479
39,4,Euclidean,60,585
39,5,Depth First Search,55,410
39,5,Random Walk,55,962
39,5,Euclidean,55,410
39,6,Depth First Search,25,82
39,6,Random Walk,25,1150
39,6,Euclidean,25,82
39,7,Depth First Search,80,963
39,7,Random Walk,80,419
39,7,Euclidean,80,963
39,8,Depth First Search,63,978
39,8,Random Walk,63,956
39,8,Euclidean,63,978
39,9,Depth First Search,50,459
39,9,Random Walk,50,125
39,9,Euclidean,50,459
40,0,Depth First Search,54,357
40,0,Random Walk,54,395
40,0,Euclidean,54,357
40,1,Depth First Search,27,260
40,1,Random Walk,27,258
40,1,Euclidean,27,260
40,2,Depth First Search,37,708
40,2,Random Walk,37,976
40,2,Euclidean,37,708
40,3,Depth First Search,39,230
40,3,Random Walk,39,660
40,3,Euclidean,39,230
40,4,Depth First Search,58,1017
40,4,Random Walk,58,903
40,4,Euclidean,58,1017
40,5,Depth First Search,23,254
40,5,Random Walk,23,1120
40,5,Euclidean,23,254
40,6,Depth First Search,41,322
40,6,Random Walk,41,200
40,6,Euclidean,41,322
40,7,Depth First Search,42,1167
40,7,Random Walk,42,1079
40,7,Euclidean,42,1167
40,8,Depth First Search,16,167
40,8,Random Walk,16,129
40,8,Euclidean,16,167
40,9,Depth First Search,35,1154
40,9,Random Walk,35,1112
40,9,Euclidean,35,1154
41,0,Depth First Search,44,1141
41,0,Random Walk,44,617
41,0,Euclidean,44,1141
41,1,Depth First Search,48,791
41,1,Random Walk,48,225
41,1,Euclidean,48,791
41,2,Depth First Search,14,753
41,2,Random Walk,14,25
41,2,Euclidean,14,753
41,3,Depth First Search,15,1200
41,3,Random Walk,15,1214
41,3,Euclidean,15,1200
41,4,Depth First Search,53,762
41,4,Random Walk,53,552
41,4,Euclidean,53,762
41,5,Depth First Search,35,618
41,5,Random Walk,35,1102
41,5,Euclidean,35,618
41,6,Depth First Search,19,56
41,6,Random Walk,19,160
41,6,Euclidean,19,56
41,7,Depth First Search,5,1234
41,7,Random Walk,5,1180
41,7,Euclidean,5,1234
41,8,Depth First Search,32,889
41,8,Random Walk,32,513
41,8,Euclidean,32,889
41,9,Depth First Search,27,794
41,9,Random Walk,27,394
41,9,Euclidean,27,794
42,0,Depth First Search,23,704
42,0,Random Walk,23,468
42,0,Euclidean,23,704
42,1,Depth First Search,9,42
42,1,Random Walk,9,68
42,1,Euclidean,9,42
42,2,Depth First Search,27,266
42,2,Random Walk,27,168
42,2,Euclidean,27,266
42,3,Depth First Search,62,975
42,3,Random Walk,62,655
42,3,Euclidean,62,975
42,4,Depth First Search,41,646
42,4,Random Walk,41,1104
42,4,Euclidean,41,646
42,5,Depth First Search,11,200
42,5,Random Walk,11,152
42,5,Euclidean,11,200
42,6,Depth First Search,20,1195
42,6,Random Walk,20,55
42,6,Euclidean,20,1195
42,7,Depth First Search,44,343
42,7,Random Walk,44,699
42,7,Euclidean,44,343
42,8,Depth First Search,45,908
42,8,Random Walk,45,520
42,8,Euclidean,45,908
42,9,Depth First Search,51,830
42,9,Random Walk,51,822
42,9,Euclidean,51,830
43,0,Depth First Search,41,582
43,0,Random Walk,41,410
43,0,Euclidean,41,582
43,1,Depth First Search,20,157
43,1,Random Walk,20,1079
43,1,Euclidean,20,157
43,2,Depth First Search,22,751
43,2,Random Walk,22,1175
43,2,Euclidean,22,751
43,3,Depth First Search,31,366
43,3,Random Walk,31,258
43,3,Euclidean,31,366
43,4,Depth First Search,68,675
43,4,Random Walk,68,473
43,4,Euclidean,68,675
43,5,Depth First Search,26,785
43,5,Random Walk,26,627
43,5,Euclidean,26,785
43,6,Depth First Search,18,253
43,6,Random Walk,18,139
43,6,Euclidean,18,253
43,7,Depth First Search,64,675
43,7,Random Walk,64,1079
43,7,Euclidean,64,675
43,8,Depth First Search,19,218
43,8,Random Walk,19,794
43,8,Euclidean,19,218
43,9,Depth First Search,37,1102
43,9,Random Walk,37,884
43,9,Euclidean,37,1102
44,0,Depth First Search,24,935
44,0,Random Walk,24,195
44,0,Euclidean,24,935
44,1,Depth First Search,21,174
44,1,Random Walk,21,190
44,1,Euclidean,21,174
44,2,Depth First Search,36,753
44,2,Random Walk,36,791
44,2,Euclidean,36,753
44,3,Depth First Search,39,264
44,3,Random Walk,39,108
44,3,Euclidean,39,264
44,4,Depth First Search,34,431
44,4,Random Walk,34,85
44,4,Euclidean,34,431
44,5,Depth First Search,21,1124
44,5,Random Walk,21,150
44,5,Euclidean,21,1124
44,6,Depth First Search,12,1009
44,6,Random Walk,12,17
44,6,Euclidean,12,1009
44,7,Depth First Search,42,535
44,7,Random Walk,42,907
44,7,Euclidean,42,535
44,8,Depth First Search,45,330
44,8,Random Walk,45,500
44,8,Euclidean,45,330
44,9,Depth First Search,38,217
44,9,Random Walk,38,903
44,9,Euclidean,38,217
45,0,Depth First Search,26,107
45,0,Random Walk,26,483
45,0,Euclidean,26,107
45,1,Depth First Search,37,594
45,1,Random Walk,37,556
45,1,Euclidean,37,594
45,2,Depth First Search,40,565
45,2,Random Walk,40,633
45,2,Euclidean,40,565
45,3,Depth First Search,44,633
45,3,Random Walk,44,569
45,3,Euclidean,44,633
45,4,Depth First Search,41,1014
45,4,Random Walk,41,490
45,4,Euclidean,41,1014
45,5,Depth First Search,6,1241
45,5,Random Walk,6,1123
45,5,Euclidean,6,1241
45,6,Depth First Search,32,967
45,6,Random Walk,32,503
45,6,Euclidean,32,967
45,7,Depth First Search,19,890
45,7,Random Walk,19,736
45,7,Euclidean,19,890
45,8,Depth First Search,38,667
45,8,Random Walk,38,873
45,8,Euclidean,38,667
45,9,Depth First Search,40,135
45,9,Random Walk,40,1129
45,9,Euclidean,40,135
46,0,Depth First Search,29,1006
46,0,Random Walk,29,840
46,0,Euclidean,29,1006
46,1,Depth First Search,33,606
46,1,Random Walk,33,482
46,1,Euclidean,33,606
46,2,Depth First Search,48,809
46,2,Random Walk,48,597
46,2,Euclidean,48,809
46,3,Depth First Search,13,28
46,3,Random Walk,13,1170
46,3,Euclidean,13,28
46,4,Depth First Search,63,848
46,4,Random Walk,63,286
46,4,Euclidean,63,848
46,5,Depth First Search,18,113
46,5,Random Walk,18,21
46,5,Euclidean,18,113
46,6,Depth First Search,47,950
46,6,Random Walk,47,1066
46,6,Euclidean,47,950
46,7,Depth First Search,35,600
46,7,Random Walk,35,360
46,7,Euclidean,35,600
46,8,Depth First Search,9,46
46,8,Random Walk,9,1202
46,8,Euclidean,9,46
46,9,Depth First Search,30,131
46,9,Random Walk,30,335
46,9,Euclidean,30,131
47,0,Depth First Search,33,162
47,0,Random Walk,33,1108
47,0,Euclidean,33,162
47,1,Depth First Search,4,5
47,1,Random Walk,4,1243
47,1,Euclidean,4,5
47,2,Depth First Search,29,124
47,2,Random Walk,29,220
47,2,Euclidean,29,124
47,3,Depth First Search,7,1240
47,3,Random Walk,7,12
47,3,Euclidean,7,1240
47,4,Depth First Search,24,1155
47,4,Random Walk,24,601
47,4,Euclidean,24,1155
47,5,Depth First Search,33,246
47,5,Random Walk,33,336
47,5,Euclidean,33,246
47,6,Depth First Search,35,304
47,6,Random Walk,35,678
47,6,Euclidean,35,304
47,7,Depth First Search,6,1241
47,7,Random Walk,6,1221
47,7,Euclidean,6,1241
47,8,Depth First Search,22,443
47,8,Random Walk,22,167
47,8,Euclidean,22,443
47,9,Depth First Search,57,732
47,9,Random Walk,57,462
47,9,Euclidean,57,732
48,0,Depth First Search,48,611
48,0,Random Walk,48,665
48,0,Euclidean,48,611
48,1,Depth First Search,57,784
48,1,Random Walk,57,684
48,1,Euclidean,57,784
48,2,Depth First Search,7,16
48,2,Random Walk,7,1234
48,2,Euclidean,7,16
48,3,Depth First Search,13,128
48,3,Random Walk,13,50
48,3,Euclidean,13,128
48,4,Depth First Search,44,829
48,4,Random Walk,44,1019
48,4,Euclidean,44,829
48,5,Depth First Search,47,1142
48,5,Random Walk,47,800
48,5,Euclidean,47,1142
48,6,Depth First Search,24,391
48,6,Random Walk,24,275
48,6,Euclidean,24,391
48,7,Depth First Search,15,202
48,7,Random Walk,15,1182
48,7,Euclidean,15,202
48,8,Depth First Search,38,877
48,8,Random Walk,38,801
48,8,Euclidean,38,877
48,9,Depth First Search,45,614
48,9,Random Walk,45,1002
48,9,Euclidean,45,614
49,0,Depth First Search,14,121
49,0,Random Walk,14,97
49,0,Euclidean,14,121
49,1,Depth First Search,66,423
49,1,Random Walk,66,795
49,1,Euclidean,66,423
49,2,Depth First Search,63,888
49,2,Random Walk,63,814
49,2,Euclidean,63,888
49,3,Depth First Search,11,1100
49,3,Random Walk,11,148
49,3,Euclidean,11,1100
49,4,Depth First Search,46,715
49,4,Random Walk,46,979
49,4,Euclidean,46,715
49,5,Depth First Search,32,245
49,5,Random Walk,32,95
49,5,Euclidean,32,245
49,6,Depth First Search,41,1174
49,6,Random Walk,41,350
49,6,Euclidean,41,1174
49,7,Depth First Search,41,342
49,7,Random Walk,41,592
49,7,Euclidean,41,342
49,8,Depth First Search,47,658
49,8,Random Walk,47,554
49,8,Euclidean,47,658
49,9,Depth First Search,19,142
49,9,Random Walk,19,658
49,9,Euclidean,19,142
50,0,Depth First Search,10,1095
50,0,Random Walk,10,1225
50,0,Euclidean,10,1095
50,1,Depth First Search,37,570
50,1,Random Walk,37,668
50,1,Euclidean,37,570
50,2,Depth First Search,47,860
50,2,Random Walk,47,868
50,2,Euclidean,47,860
50,3,Depth First Search,4,5
50,3,Random Walk,4,1217
50,3,Euclidean,4,5
50,4,Depth First Search,13,336
50,4,Random Walk,13,936
50,4,Euclidean,13,336
50,5,Depth First Search,47,370
50,5,Random Walk,47,670
50,5,Euclidean,47,370
50,6,Depth First Search,9,48
50,6,Random Walk,9,900
50,6,Euclidean,9,48
50,7,Depth First Search,43,320
50,7,Random Walk,43,808
50,7,Euclidean,43,320
50,8,Depth First Search,20,103
50,8,Random Walk,20,805
50,8,Euclidean,20,103
50,9,Depth First Search,28,833
50,9,Random Walk,28,1103
50,9,Euclidean,28,833
51,0,Depth First Search,33,808
51,0,Random Walk,33,782
51,0,Euclidean,33,808
51,1,Depth First Search,53,830
51,1,Random Walk,53,654
51,1,Euclidean,53,830
51,2,Depth First Search,23,640
51,2,Random Walk,23,830
51,2,Euclidean,23,640
51,3,Depth First Search,21,64
51,3,Random Walk,21,82
51,3,Euclidean,21,64
51,4,Depth First Search,55,740
51,4,Random Walk,55,610
51,4,Euclidean,55,740
51,5,Depth First Search,47,1036
51,5,Random Walk,47,776
51,5,Euclidean,47,1036
51,6,Depth First Search,14,201
51,6,Random Walk,14,1193
51,6,Euclidean,14,201
51,7,Depth First Search,46,397
51,7,Random Walk,46,585
51,7,Euclidean,46,397
51,8,Depth First Search,10,13
51,8,Random Walk,10,55
51,8,Euclidean,10,13
51,9,Depth First Search,3,6
51,9,Random Walk,3,150
51,9,Euclidean,3,6
52,0,Depth First Search,41,632
52,0,Random Walk,41,918
52,0,Euclidean,41,632
52,1,Depth First Search,32,367
52,1,Random Walk,32,855
52,1,Euclidean,32,367
52,2,Depth First Search,37,430
52,2,Random Walk,37,490
52,2,Euclidean,37,430
52,3,Depth First Search,34,381
52,3,Random Walk,34,917
52,3,Euclidean,34,381
52,4,Depth First Search,12,477
52,4,Random Walk,12,825
52,4,Euclidean,12,477
52,5,Depth First Search,19,1080
52,5,Random Walk,19,1062
52,5,Euclidean,19,1080
52,6,Depth First Search,6,25
52,6,Random Walk,6,25
52,6,Euclidean,6,25
52,7,Depth First Search,31,1020
52,7,Random Walk,31,1104
52,7,Euclidean,31,1020
52,8,Depth First Search,15,38
52,8,Random Walk,15,1134
52,8,Euclidean,15,38
52,9,Depth First Search,16,279
52,9,Random Walk,16,1065
52,9,Euclidean,16,279
53,0,Depth First Search,55,550
53,0,Random Walk,55,638
53,0,Euclidean,55,550
53,1,Depth First Search,41,208
53,1,Random Walk,41,154
53,1,Euclidean,41,208
53,2,Depth First Search,10,37
53,2,Random Walk,10,35
53,2,Euclidean,10,37
53,3,Depth First Search,17,854
53,3,Random Walk,17,106
53,3,Euclidean,17,854
53,4,Depth First Search,25,108
53,4,Random Walk,25,1082
53,4,Euclidean,25,108
53,5,Depth First Search,40,129
53,5,Random Walk,40,653
53,5,Euclidean,40,129
53,6,Depth First Search,27,254
53,6,Random Walk,27,1010
53,6,Euclidean,27,254
53,7,Depth First Search,43,866
53,7,Random Walk,43,518
53,7,Euclidean,43,866
53,8,Depth First Search,6,13
53,8,Random Walk,6,13
53,8,Euclidean,6,13
53,9,Depth First Search,35,722
53,9,Random Walk,35,720
53,9,Euclidean,35,722
54,0,Depth First Search,22,49
54,0,Random Walk,22,1187
54,0,Euclidean,22,49
54,1,Depth First Search,49,658
54,1,Random Walk,49,730
54,1,Euclidean,49,658
54,2,Depth First Search,49,208
54,2,Random Walk,49,964
54,2,Euclidean,49,208
54,3,Depth First Search,18,177
54,3,Random Walk,18,175
54,3,Euclidean,18,177
54,4,Depth First Search,52,231
54,4,Random Walk,52,153
54,4,Euclidean,52,231
54,5,Depth First Search,37,870
54,5,Random Walk,37,808
54,5,Euclidean,37,870
54,6,Depth First Search,38,571
54,6,Random Walk,38,1163
54,6,Euclidean,38,571
54,7,Depth First Search,41,1018
54,7,Random Walk,41,430
54,7,Euclidean,41,1018
54,8,Depth First Search,66,797
54,8,Random Walk,66,571
54,8,Euclidean,66,797
54,9,Depth First Search,26,627
54,9,Random Walk,26,371
54,9,Euclidean,26,627
55,0,Depth First Search,30,919
55,0,Random Walk,30,971
55,0,Euclidean,30,919
55,1,Depth First Search,26,211
55,1,Random Walk,26,101
55,1,Euclidean,26,211
55,2,Depth First Search,27,1022
55,2,Random Walk,27,206
55,2,Euclidean,27,1022
55,3,Depth First Search,15,132
55,3,Random Walk,15,34
55,3,Euclidean,15,132
55,4,Depth First Search,25,246
55,4,Random Walk,25,348
55,4,Euclidean,25,246
55,5,Depth First Search,21,802
55,5,Random Walk,21,428
55,5,Euclidean,21,802
55,6,Depth First Search,51,290
55,6,Random Walk,51,778
55,6,Euclidean,51,290
55,7,Depth First Search,35,984
55,7,Random Walk,35,1084
55,7,Euclidean,35,984
55,8,Depth First Search,17,92
55,8,Random Walk,17,1212
55,8,Euclidean,17,92
55,9,Depth First Search,26,541
55,9,Random Walk,26,525
55,9,Euclidean,26,541
56,0,Depth First Search,38,679
56,0,Random Walk,38,787
56,0,Euclidean,38,679
56,1,Depth First Search,23,1072
56,1,Random Walk,23,516
56,1,Euclidean,23,1072
56,2,Depth First Search,26,595
56,2,Random Walk,26,931
56,2,Euclidean,26,595
56,3,Depth First Search,51,1138
56,3,Random Walk,51,1084
56,3,Euclidean,51,1138
56,4,Depth First Search,35,290
56,4,Random Walk,35,454
56,4,Euclidean,35,290
56,5,Depth First Search,21,184
56,5,Random Walk,21,52
56,5,Euclidean,21,184
56,6,Depth First Search,56,551
56,6,Random Walk,56,757
56,6,Euclidean,56,551
56,7,Depth First Search,34,807
56,7,Random Walk,34,925
56,7,Euclidean,34,807
56,8,Depth First Search,23,466
56,8,Random Walk,23,168
56,8,Euclidean,23,466
56,9,Depth First Search,37,984
56,9,Random Walk,37,380
56,9,Euclidean,37,984
57,0,Depth First Search,38,723
57,0,Random Walk,38,121
57,0,Euclidean,38,723
57,1,Depth First Search,25,1044
57,1,Random Walk,25,1066
57,1,Euclidean,25,1044
57,2,Depth First Search,40,971
57,2,Random Walk,40,101
57,2,Euclidean,40,971
57,3,Depth First Search,51,638
57,3,Random Walk,51,306
57,3,Euclidean,51,638
57,4,Depth First Search,41,250
57,4,Random Walk,41,634
57,4,Euclidean,41,250
57,5,Depth First Search,53,888
57,5,Random Walk,53,782
57,5,Euclidean,53,888
57,6,Depth First Search,23,598
57,6,Random Walk,23,756
57,6,Euclidean,23,598
57,7,Depth First Search,51,1130
57,7,Random Walk,51,1046
57,7,Euclidean,51,1130
57,8,Depth First Search,27,536
57,8,Random Walk,27,536
57,8,Euclidean,27,536
57,9,Depth First Search,21,108
57,9,Random Walk,21,90
57,9,Euclidean,21,108
58,0,Depth First Search,25,158
58,0,Random Walk,25,1092
58,0,Euclidean,25,158
58,1,Depth First Search,22,1053
58,1,Random Walk,22,1119
58,1,Euclidean,22,1053
58,2,Depth First Search,41,1038
58,2,Random Walk,41,1082
58,2,Euclidean,41,1038
58,3,Depth First Search,42,763
58,3,Random Walk,42,717
58,3,Euclidean,42,763
58,4,Depth First Search,18,31
58,4,Random Walk,18,33
58,4,Euclidean,18,31
58,5,Depth First Search,49,592
58,5,Random Walk,49,652
58,5,Euclidean,49,592
58,6,Depth First Search,29,712
58,6,Random Walk,29,602
58,6,Euclidean,29,712
58,7,Depth First Search,46,659
58,7,Random Walk,46,307
58,7,Euclidean,46,659
58,8,Depth First Search,52,561
58,8,Random Walk,52,785
58,8,Euclidean,52,561
58,9,Depth First Search,57,384
58,9,Random Walk,57,752
58,9,Euclidean,57,384
59,0,Depth First Search,48,213
59,0,Random Walk,48,1057
59,0,Euclidean,48,213
59,1,Depth First Search,36,381
59,1,Random Walk,36,343
59,1,Euclidean,36,381
59,2,Depth First Search,39,88
59,2,Random Walk,39,1104
59,2,Euclidean,39,88
59,3,Depth First Search,15,1160
59,3,Random Walk,15,1004
59,3,Euclidean,15,1160
59,4,Depth First Search,33,220
59,4,Random Walk,33,1164
59,4,Euclidean,33,220
59,5,Depth First Search,45,1122
59,5,Random Walk,45,1002
59,5,Euclidean,45,1122
59,6,Depth First Search,29,180
59,6,Random Walk,29,1190
59,6,Euclidean,29,180
59,7,Depth First Search,41,948
59,7,Random Walk,41,242
59,7,Euclidean,41,948
59,8,Depth First Search,25,858
59,8,Random Walk,25,680
59,8,Euclidean,25,858
59,9,Depth First Search,27,110
59,9,Random Walk,27,146
59,9,Euclidean,27,110
60,0,Depth First Search,9,68
60,0,Random Walk,9,38
60,0,Euclidean,9,68
60,1,Depth First Search,66,831
60,1,Random Walk,66,855
60,1,Euclidean,66,831
60,2,Depth First Search,13,128
60,2,Random Walk,13,76
60,2,Euclidean,13,128
60,3,Depth First Search,26,107
60,3,Random Walk,26,1109
60,3,Euclidean,26,107
60,4,Depth First Search,54,905
60,4,Random Walk,54,601
60,4,Euclidean,54,905
60,5,Depth First Search,21,334
60,5,Random Walk,21,1132
60,5,Euclidean,21,334
60,6,Depth First Search,7,42
60,6,Random Walk,7,1094
60,6,Euclidean,7,42
60,7,Depth First Search,43,480
60,7,Random Walk,43,956
60,7,Euclidean,43,480
60,8,Depth First Search,45,816
60,8,Random Walk,45,816
60,8,Euclidean,45,816
60,9,Depth First Search,18,25
60,9,Random Walk,18,55
60,9,Euclidean,18,25
61,0,Depth First Search,53,580
61,0,Random Walk,53,490
61,0,Euclidean,53,580
61,1,Depth First Search,42,929
61,1,Random Walk,42,871
61,1,Euclidean,42,929
61,2,Depth First Search,47,1094
61,2,Random Walk,47,668
61,2,Euclidean,47,1094
61,3,Depth First Search,29,116
61,3,Random Walk,29,142
61,3,Euclidean,29,116
61,4,Depth First Search,44,785
61,4,Random Walk,44,497
61,4,Euclidean,44,785
61,5,Depth First Search,25,520
61,5,Random Walk,25,1060
61,5,Euclidean,25,520
61,6,Depth First Search,52,751
61,6,Random Walk,52,445
61,6,Euclidean,52,751
61,7,Depth First Search,47,382
61,7,Random Walk,47,884
61,7,Euclidean,47,382
61,8,Depth First Search,61,1008
61,8,Random Walk,61,818
61,8,Euclidean,61,1008
61,9,Depth First Search,32,883
61,9,Random Walk,32,273
61,9,Euclidean,32,883
62,0,Depth First Search,14,175
62,0,Random Walk,14,975
62,0,Euclidean,14,175
62,1,Depth First Search,33,1198
62,1,Random Walk,33,226
62,1,Euclidean,33,1198
62,2,Depth First Search,47,860
62,2,Random Walk,47,870
62,2,Euclidean,47,860
62,3,Depth First Search,38,1185
62,3,Random Walk,38,389
62,3,Euclidean,38,1185
62,4,Depth First Search,26,419
62,4,Random Walk,26,801
62,4,Euclidean,26,419
62,5,Depth First Search,41,932
62,5,Random Walk,41,558
62,5,Euclidean,41,932
62,6,Depth First Search,46,651
62,6,Random Walk,46,797
62,6,Euclidean,46,651
62,7,Depth First Search,29,558
62,7,Random Walk,29,1042
62,7,Euclidean,29,558
62,8,Depth First Search,41,1082
62,8,Random Walk,41,594
62,8,Euclidean,41,1082
62,9,Depth First Search,32,151
62,9,Random Walk,32,363
62,9,Euclidean,32,151
63,0,Depth First Search,30,93
63,0,Random Walk,30,221
63,0,Euclidean,30,93
63,1,Depth First Search,61,688
63,1,Random Walk,61,688
63,1,Euclidean,61,688
63,2,Depth First Search,42,387
63,2,Random Walk,42,401
63,2,Euclidean,42,387
63,3,Depth First Search,21,774
63,3,Random Walk,21,1076
63,3,Euclidean,21,774
63,4,Depth First Search,45,418
63,4,Random Walk,45,598
63,4,Euclidean,45,418
63,5,Depth First Search,11,724
63,5,Random Walk,11,100
63,5,Euclidean,11,724
63,6,Depth First Search,23,1126
63,6,Random Walk,23,1172
63,6,Euclidean,23,1126
63,7,Depth First Search,26,991
63,7,Random Walk,26,1097
63,7,Euclidean,26,991
63,8,Depth First Search,42,885
63,8,Random Walk,42,621
63,8,Euclidean,42,885
63,9,Depth First Search,36,69
63,9,Random Walk,36,501
63,9,Euclidean,36,69
64,0,Depth First Search,43,592
64,0,Random Walk,43,678
64,0,Euclidean,43,592
64,1,Depth First Search,13,652
64,1,Random Walk,13,264
64,1,Euclidean,13,652
64,2,Depth First Search,28,1057
64,2,Random Walk,28,293
64,2,Euclidean,28,1057
64,3,Depth First Search,10,11
64,3,Random Walk,10,11
64,3,Euclidean,10,11
64,4,Depth First Search,11,16
64,4,Random Walk,11,198
64,4,Euclidean,11,16
64,5,Depth First Search,12,1121
64,5,Random Walk,12,483
64,5,Euclidean,12,1121
64,6,Depth First Search,14,319
64,6,Random Walk,14,1019
64,6,Euclidean,14,319
64,7,Depth First Search,44,543
64,7,Random Walk,44,341
64,7,Euclidean,44,543
64,8,Depth First Search,28,831
64,8,Random Walk,28,1085
64,8,Euclidean,28,831
64,9,Depth First Search,34,461
64,9,Random Walk,34,185
64,9,Euclidean,34,461
65,0,Depth First Search,50,969
65,0,Random Walk,50,841
65,0,Euclidean,50,969
65,1,Depth First Search,41,988
65,1,Random Walk,41,632
65,1,Euclidean,41,988
65,2,Depth First Search,31,62
65,2,Random Walk,31,88
65,2,Euclidean,31,62
65,3,Depth First Search,13,1206
65,3,Random Walk,13,1232
65,3,Euclidean,13,1206
65,4,Depth First Search,36,535
65,4,Random Walk,36,951
65,4,Euclidean,36,535
65,5,Depth First Search,17,148
65,5,Random Walk,17,60
65,5,Euclidean,17,148
65,6,Depth First Search,29,510
65,6,Random Walk,29,680
65,6,Euclidean,29,510
65,7,Depth First Search,44,821
65,7,Random Walk,44,891
65,7,Euclidean,44,821
65,8,Depth First Search,41,874
65,8,Random Walk,41,710
65,8,Euclidean,41,874
65,9,Depth First Search,30,1153
65,9,Random Walk,30,677
65,9,Euclidean,30,1153
66,0,Depth First Search,31,420
66,0,Random Walk,31,476
66,0,Euclidean,31,420
66,1,Depth First Search,34,1041
66,1,Random Walk,34,773
66,1,Euclidean,34,1041
66,2,Depth First Search,14,1099
66,2,Random Walk,14,1095
66,2,Euclidean,14,1099
66,3,Depth First Search,28,843
66,3,Random Walk,28,141
66,3,Euclidean,28,843
66,4,Depth First Search,39,210
66,4,Random Walk,39,318
66,4,Euclidean,39,210
66,5,Depth First Search,6,1009
66,5,Random Walk,6,1005
66,5,Euclidean,6,1009
66,6,Depth First Search,24,981
66,6,Random Walk,24,165
66,6,Euclidean,24,981
66,7,Depth First Search,32,769
66,7,Random Walk,32,473
66,7,Euclidean,32,769
66,8,Depth First Search,35,676
66,8,Random Walk,35,838
66,8,Euclidean,35,676
66,9,Depth First Search,33,514
66,9,Random Walk,33,824
66,9,Euclidean,33,514
67,0,Depth First Search,28,727
67,0,Random Walk,28,445
67,0,Euclidean,28,727
67,1,Depth First Search,63,748
67,1,Random Walk,63,700
67,1,Euclidean,63,748
67,2,Depth First Search,57,902
67,2,Random Walk,57,308
67,2,Euclidean,57,902
67,3,Depth First Search,54,1075
67,3,Random Walk,54,865
67,3,Euclidean,54,1075
67,4,Depth First Search,44,403
67,4,Random Walk,44,587
67,4,Euclidean,44,403
67,5,Depth First Search,18,157
67,5,Random Walk,18,123
67,5,Euclidean,18,157
67,6,Depth First Search,34,1161
67,6,Random Walk,34,345
67,6,Euclidean,34,1161
67,7,Depth First Search,61,1134
67,7,Random Walk,61,1000
67,7,Euclidean,61,1134
67,8,Depth First Search,24,725
67,8,Random Walk,24,281
67,8,Euclidean,24,725
67,9,Depth First Search,35,346
67,9,Random Walk,35,868
67,9,Euclidean,35,346
68,0,Depth First Search,42,567
68,0,Random Walk,42,1153
68,0,Euclidean,42,567
68,1,Depth First Search,32,821
68,1,Random Walk,32,419
68,1,Euclidean,32,821
68,2,Depth First Search,75,644
68,2,Random Walk,75,702
68,2,Euclidean,75,644
68,3,Depth First Search,13,132
68,3,Random Walk,13,1220
68,3,Euclidean,13,132
68,4,Depth First Search,19,1192
68,4,Random Walk,19,594
68,4,Euclidean,19,1192
68,5,Depth First Search,9,56
68,5,Random Walk,9,48
68,5,Euclidean,9,56
68,6,Depth First Search,55,660
68,6,Random Walk,55,366
68,6,Euclidean,55,660
68,7,Depth First Search,69,644
68,7,Random Walk,69,832
68,7,Euclidean,69,644
68,8,Depth First Search,11,42
68,8,Random Walk,11,46
68,8,Euclidean,11,42
68,9,Depth First Search,35,254
68,9,Random Walk,35,734
68,9,Euclidean,35,254
69,0,Depth First Search,18,47
69,0,Random Walk,18,35
69,0,Euclidean,18,47
69,1,Depth First Search,41,888
69,1,Random Walk,41,494
69,1,Euclidean,41,888
69,2,Depth First Search,25,42
69,2,Random Walk,25,750
69,2,Euclidean,25,42
69,3,Depth First Search,13,26
69,3,Random Walk,13,1056
69,3,Euclidean,13,26
69,4,Depth First Search,22,537
69,4,Random Walk,22,1189
69,4,Euclidean,22,537
69,5,Depth First Search,57,508
69,5,Random Walk,57,144
69,5,Euclidean,57,508
69,6,Depth First Search,41,970
69,6,Random Walk,41,342
69,6,Euclidean,41,970
69,7,Depth First Search,27,1018
69,7,Random Walk,27,1110
69,7,Euclidean,27,1018
69,8,Depth First Search,52,637
69,8,Random Walk,52,517
69,8,Euclidean,52,637
69,9,Depth First Search,38,693
69,9,Random Walk,38,733
69,9,Euclidean,38,693
70,0,Depth First Search,9,1196
70,0,Random Walk,9,1234
70,0,Euclidean,9,1196
70,1,Depth First Search,46,867
70,1,Random Walk,46,667
70,1,Euclidean,46,867
70,2,Depth First Search,62,755
70,2,Random Walk,62,585
70,2,Euclidean,62,755
70,3,Depth First Search,40,233
70,3,Random Walk,40,959
70,3,Euclidean,40,233
70,4,Depth First Search,37,1048
70,4,Random Walk,37,714
70,4,Euclidean,37,1048
70,5,Depth First Search,27,654
70,5,Random Walk,27,606
70,5,Euclidean,27,654
70,6,Depth First Search,57,908
70,6,Random Walk,57,424
70,6,Euclidean,57,908
70,7,Depth First Search,26,87
70,7,Random Walk,26,1185
70,7,Euclidean,26,87
70,8,Depth First Search,33,544
70,8,Random Walk,33,334
70,8,Euclidean,33,544
70,9,Depth First Search,23,1122
70,9,Random Walk,23,642
70,9,Euclidean,23,1122
71,0,Depth First Search,63,986
71,0,Random Walk,63,620
71,0,Euclidean,63,986
71,1,Depth First Search,16,79
71,1,Random Walk,16,499
71,1,Euclidean,16,79
71,2,Depth First Search,33,504
71,2,Random Walk,33,1128
71,2,Euclidean,33,504
71,3,Depth First Search,25,88
71,3,Random Walk,25,684
71,3,Euclidean,25,88
71,4,Depth First Search,30,1165
71,4,Random Walk,30,163
71,4,Euclidean,30,1165
71,5,Depth First Search,31,282
71,5,Random Walk,31,1044
71,5,Euclidean,31,282
71,6,Depth First Search,51,1118
71,6,Random Walk,51,616
71,6,Euclidean,51,1118
71,7,Depth First Search,7,136
71,7,Random Walk,7,1112
71,7,Euclidean,7,136
71,8,Depth First Search,22,373
71,8,Random Walk,22,187
71,8,Euclidean,22,373
71,9,Depth First Search,39,426
71,9,Random Walk,39,964
71,9,Euclidean,39,426
72,0,Depth First Search,64,899
72,0,Random Walk,64,459
72,0,Euclidean,64,899
72,1,Depth First Search,40,673
72,1,Random Walk,40,485
72,1,Euclidean,40,673
72,2,Depth First Search,40,453
72,2,Random Walk,40,119
72,2,Euclidean,40,453
72,3,Depth First Search,49,1054
72,3,Random Walk,49,834
72,3,Euclidean,49,1054
72,4,Depth First Search,46,1049
72,4,Random Walk,46,951
72,4,Euclidean,46,1049
72,5,Depth First Search,55,460
72,5,Random Walk,55,974
72,5,Euclidean,55,460
72,6,Depth First Search,53,340
72,6,Random Walk,53,960
72,6,Euclidean,53,340
72,7,Depth First Search,74,725
72,7,Random Walk,74,857
72,7,Euclidean,74,725
72,8,Depth First Search,24,67
72,8,Random Walk,24,1171
72,8,Euclidean,24,67
72,9,Depth First Search,61,328
72,9,Random Walk,61,538
72,9,Euclidean,61,328
73,0,Depth First Search,38,795
73,0,Random Walk,38,679
73,0,Euclidean,38,795
73,1,Depth First Search,23,522
73,1,Random Walk,23,1110
73,1,Euclidean,23,522
73,2,Depth First Search,48,747
73,2,Random Walk,48,281
73,2,Euclidean,48,747
73,3,Depth First Search,51,494
73,3,Random Walk,51,560
73,3,Euclidean,51,494
73,4,Depth First Search,19,104
73,4,Random Walk,19,634
73,4,Euclidean,19,104
73,5,Depth First Search,11,940
73,5,Random Walk,11,982
73,5,Euclidean,11,940
73,6,Depth First Search,3,4
73,6,Random Walk,3,22
73,6,Euclidean,3,4
73,7,Depth First Search,28,151
73,7,Random Walk,28,59
73,7,Euclidean,28,151
73,8,Depth First Search,24,347
73,8,Random Walk,24,771
73,8,Euclidean,24,347
73,9,Depth First Search,30,561
73,9,Random Walk,30,733
73,9,Euclidean,30,561
74,0,Depth First Search,40,455
74,0,Random Walk,40,389
74,0,Euclidean,40,455
74,1,Depth First Search,62,865
74,1,Random Walk,62,793
74,1,Euclidean,62,865
74,2,Depth First Search,17,254
74,2,Random Walk,17,732
74,2,Euclidean,17,254
74,3,Depth First Search,64,951
74,3,Random Walk,64,557
74,3,Euclidean,64,951
74,4,Depth First Search,38,383
74,4,Random Walk,38,121
74,4,Euclidean,38,383
74,5,Depth First Search,27,554
74,5,Random Walk,27,824
74,5,Euclidean,27,554
74,6,Depth First Search,14,45
74,6,Random Walk,14,17
74,6,Euclidean,14,45
74,7,Depth First Search,18,99
74,7,Random Walk,18,1215
74,7,Euclidean,18,99
74,8,Depth First Search,60,989
74,8,Random Walk,60,583
74,8,Euclidean,60,989
74,9,Depth First Search,31,1158
74,9,Random Walk,31,718
74,9,Euclidean,31,1158
75,0,Depth First Search,23,104
75,0,Random Walk,23,1218
75,0,Euclidean,23,104
75,1,Depth First Search,15,96
75,1,Random Walk,15,1132
75,1,Euclidean,15,96
75,2,Depth First Search,25,56
75,2,Random Walk,25,1060
75,2,Euclidean,25,56
75,3,Depth First Search,34,1021
75,3,Random Walk,34,153
75,3,Euclidean,34,1021
75,4,Depth First Search,59,1044
75,4,Random Walk,59,562
75,4,Euclidean,59,1044
75,5,Depth First Search,18,1063
75,5,Random Walk,18,177
75,5,Euclidean,18,1063
75,6,Depth First Search,23,482
75,6,Random Walk,23,164
75,6,Euclidean,23,482
75,7,Depth First Search,15,20
75,7,Random Walk,15,92
75,7,Euclidean,15,20
75,8,Depth First Search,6,21
75,8,Random Walk,6,5
75,8,Euclidean,6,21
75,9,Depth First Search,32,539
75,9,Random Walk,32,389
75,9,Euclidean,32,539
76,0,Depth First Search,63,904
76,0,Random Walk,63,748
76,0,Euclidean,63,904
76,1,Depth First Search,35,816
76,1,Random Walk,35,632
76,1,Euclidean,35,816
76,2,Depth First Search,12,107
76,2,Random Walk,12,55
76,2,Euclidean,12,107
76,3,Depth First Search,25,280
76,3,Random Walk,25,490
76,3,Euclidean,25,280
76,4,Depth First Search,60,353
76,4,Random Walk,60,527
76,4,Euclidean,60,353
76,5,Depth First Search,43,804
76,5,Random Walk,43,186
76,5,Euclidean,43,804
76,6,Depth First Search,29,1112
76,6,Random Walk,29,1106
76,6,Euclidean,29,1112
76,7,Depth First Search,42,553
76,7,Random Walk,42,963
76,7,Euclidean,42,553
76,8,Depth First Search,26,1221
76,8,Random Walk,26,129
76,8,Euclidean,26,1221
76,9,Depth First Search,7,30
76,9,Random Walk,7,1226
76,9,Euclidean,7,30
77,0,Depth First Search,34,563
77,0,Random Walk,34,551
77,0,Euclidean,34,563
77,1,Depth First Search,27,198
77,1,Random Walk,27,142
77,1,Euclidean,27,198
77,2,Depth First Search,41,314
77,2,Random Walk,41,258
77,2,Euclidean,41,314
77,3,Depth First Search,28,387
77,3,Random Walk,28,245
77,3,Euclidean,28,387
77,4,Depth First Search,46,419
77,4,Random Walk,46,565
77,4,Euclidean,46,419
77,5,Depth First Search,32,243
77,5,Random Walk,32,1151
77,5,Euclidean,32,243
77,6,Depth First Search,42,993
77,6,Random Walk,42,727
77,6,Euclidean,42,993
77,7,Depth First Search,30,327
77,7,Random Walk,30,979
77,7,Euclidean,30,327
77,8,Depth First Search,58,1043
77,8,Random Walk,58,313
77,8,Euclidean,58,1043
77,9,Depth First Search,58,779
77,9,Random Walk,58,457
77,9,Euclidean,58,779
78,0,Depth First Search,11,54
78,0,Random Walk,11,64
78,0,Euclidean,11,54
78,1,Depth First Search,7,74
78,1,Random Walk,7,76
78,1,Euclidean,7,74
78,2,Depth First Search,39,1100
78,2,Random Walk,39,78
78,2,Euclidean,39,1100
78,3,Depth First Search,41,724
78,3,Random Walk,41,852
78,3,Euclidean,41,724
78,4,Depth First Search,19,1208
78,4,Random Walk,19,164
78,4,Euclidean,19,1208
78,5,Depth First Search,43,630
78,5,Random Walk,43,200
78,5,Euclidean,43,630
78,6,Depth First Search,25,876
78,6,Random Walk,25,124
78,6,Euclidean,25,876
78,7,Depth First Search,53,396
78,7,Random Walk,53,516
78,7,Euclidean,53,396
78,8,Depth First Search,42,457
78,8,Random Walk,42,873
78,8,Euclidean,42,457
78,9,Depth First Search,29,478
78,9,Random Walk,29,1136
78,9,Euclidean,29,478
79,0,Depth First Search,41,690
79,0,Random Walk,41,548
79,0,Euclidean,41,690
79,1,Depth First Search,20,83
79,1,Random Walk,20,1103
79,1,Euclidean,20,83
79,2,Depth First Search,29,404
79,2,Random Walk,29,52
79,2,Euclidean,29,404
79,3,Depth First Search,51,504
79,3,Random Walk,51,748
79,3,Euclidean,51,504
79,4,Depth First Search,30,689
79,4,Random Walk,30,877
79,4,Euclidean,30,689
79,5,Depth First Search,15,1178
79,5,Random Walk,15,1108
79,5,Euclidean,15,1178
79,6,Depth First Search,36,195
79,6,Random Walk,36,165
79,6,Euclidean,36,195
79,7,Depth First Search,40,819
79,7,Random Walk,40,337
79,7,Euclidean,40,819
79,8,Depth First Search,24,555
79,8,Random Walk,24,563
79,8,Euclidean,24,555
79,9,Depth First Search,16,1001
79,9,Random Walk,16,59
79,9,Euclidean,16,1001
80,0,Depth First Search,30,279
80,0,Random Walk,30,941
80,0,Euclidean,30,279
80,1,Depth First Search,64,1093
80,1,Random Walk,64,885
80,1,Euclidean,64,1093
80,2,Depth First Search,22,743
80,2,Random Walk,22,127
80,2,Euclidean,22,743
80,3,Depth First Search,46,677
80,3,Random Walk,46,747
80,3,Euclidean,46,677
80,4,Depth First Search,40,649
80,4,Random Walk,40,389
80,4,Euclidean,40,649
80,5,Depth First Search,40,953
80,5,Random Walk,40,399
80,5,Euclidean,40,953
80,6,Depth First Search,41,954
80,6,Random Walk,41,580
80,6,Euclidean,41,954
80,7,Depth First Search,37,856
80,7,Random Walk,37,136
80,7,Euclidean,37,856
80,8,Depth First Search,46,471
80,8,Random Walk,46,1149
80,8,Euclidean,46,471
80,9,Depth First Search,40,417
80,9,Random Walk,40,533
80,9,Euclidean,40,417
81,0,Depth First Search,14,17
81,0,Random Walk,14,13
81,0,Euclidean,14,17
81,1,Depth First Search,37,236
81,1,Random Walk,37,1094
81,1,Euclidean,37,236
81,2,Depth First Search,52,631
81,2,Random Walk,52,1063
81,2,Euclidean,52,631
81,3,Depth First Search,46,515
81,3,Random Walk,46,445
81,3,Euclidean,46,515
81,4,Depth First Search,60,897
81,4,Random Walk,60,761
81,4,Euclidean,60,897
81,5,Depth First Search,28,275
81,5,Random Walk,28,1015
81,5,Euclidean,28,275
81,6,Depth First Search,27,788
81,6,Random Walk,27,830
81,6,Euclidean,27,788
81,7,Depth First Search,43,468
81,7,Random Walk,43,404
81,7,Euclidean,43,468
81,8,Depth First Search,18,127
81,8,Random Walk,18,1127
81,8,Euclidean,18,127
81,9,Depth First Search,49,738
81,9,Random Walk,49,200
81,9,Euclidean,49,738
82,0,Depth First Search,7,6
82,0,Random Walk,7,1124
82,0,Euclidean,7,6
82,1,Depth First Search,1,0
82,1,Random Walk,1,0
82,1,Euclidean,1,0
82,2,Depth First Search,13,80
82,2,Random Walk,13,1152
82,2,Euclidean,13,80
82,3,Depth First Search,40,351
82,3,Random Walk,40,981
82,3,Euclidean,40,351
82,4,Depth First Search,64,729
82,4,Random Walk,64,359
82,4,Euclidean,64,729
82,5,Depth First Search,34,909
82,5,Random Walk,34,431
82,5,Euclidean,34,909
82,6,Depth First Search,18,43
82,6,Random Walk,18,109
82,6,Euclidean,18,43
82,7,Depth First Search,22,535
82,7,Random Walk,22,913
82,7,Euclidean,22,535
82,8,Depth First Search,2,1
82,8,Random Walk,2,1039
82,8,Euclidean,2,1
82,9,Depth First Search,57,798
82,9,Random Walk,57,634
82,9,Euclidean,57,798
83,0,Depth First Search,10,103
83,0,Random Walk,10,15
83,0,Euclidean,10,103
83,1,Depth First Search,12,17
83,1,Random Walk,12,269
83,1,Euclidean,12,17
83,2,Depth First Search,33,988
83,2,Random Walk,33,980
83,2,Euclidean,33,988
83,3,Depth First Search,36,893
83,3,Random Walk,36,995
83,3,Euclidean,36,893
83,4,Depth First Search,38,443
83,4,Random Walk,38,779
83,4,Euclidean,38,443
83,5,Depth First Search,40,919
83,5,Random Walk,40,1051
83,5,Euclidean,40,919
83,6,Depth First Search,34,1021
83,6,Random Walk,34,769
83,6,Euclidean,34,1021
83,7,Depth First Search,32,271
83,7,Random Walk,32,309
83,7,Euclidean,32,271
83,8,Depth First Search,50,511
83,8,Random Walk,50,491
83,8,Euclidean,50,511
83,9,Depth First Search,45,198
83,9,Random Walk,45,1072
83,9,Euclidean,45,198
84,0,Depth First Search,4,15
84,0,Random Walk,4,13
84,0,Euclidean,4,15
84,1,Depth First Search,33,1092
84,1,Random Walk,33,216
84,1,Euclidean,33,1092
84,2,Depth First Search,24,207
84,2,Random Walk,24,403
84,2,Euclidean,24,207
84,3,Depth First Search,49,894
84,3,Random Walk,49,552
84,3,Euclidean,49,894
84,4,Depth First Search,8,1233
84,4,Random Walk,8,15
84,4,Euclidean,8,1233
84,5,Depth First Search,35,466
84,5,Random Walk,35,1160
84,5,Euclidean,35,466
84,6,Depth First Search,32,415
84,6,Random Walk,32,75
84,6,Euclidean,32,415
84,7,Depth First Search,39,932
84,7,Random Walk,39,878
84,7,Euclidean,39,932
84,8,Depth First Search,18,677
84,8,Random Walk,18,67
84,8,Euclidean,18,677
84,9,Depth First Search,36,835
84,9,Random Walk,36,911
84,9,Euclidean,36,835
85,0,Depth First Search,44,995
85,0,Random Walk,44,629
85,0,Euclidean,44,995
85,1,Depth First Search,73,514
85,1,Random Walk,73,434
85,1,Euclidean,73,514
85,2,Depth First Search,11,432
85,2,Random Walk,11,706
85,2,Euclidean,11,432
85,3,Depth First Search,52,813
85,3,Random Walk,52,733
85,3,Euclidean,52,813
85,4,Depth First Search,44,357
85,4,Random Walk,44,1011
85,4,Euclidean,44,357
85,5,Depth First Search,15,1186
85,5,Random Walk,15,1094
85,5,Euclidean,15,1186
85,6,Depth First Search,19,720
85,6,Random Walk,19,386
85,6,Euclidean,19,720
85,7,Depth First Search,21,254
85,7,Random Walk,21,264
85,7,Euclidean,21,254
85,8,Depth First Search,35,258
85,8,Random Walk,35,1026
85,8,Euclidean,35,258
85,9,Depth First Search,21,1168
85,9,Random Walk,21,866
85,9,Euclidean,21,1168
86,0,Depth First Search,25,158
86,0,Random Walk,25,1126
86,0,Euclidean,25,158
86,1,Depth First Search,43,366
86,1,Random Walk,43,442
86,1,Euclidean,43,366
86,2,Depth First Search,21,1024
86,2,Random Walk,21,1040
86,2,Euclidean,21,1024
86,3,Depth First Search,21,124
86,3,Random Walk,21,1076
86,3,Euclidean,21,124
86,4,Depth First Search,39,616
86,4,Random Walk,39,276
86,4,Euclidean,39,616
86,5,Depth First Search,24,575
86,5,Random Walk,24,389
86,5,Euclidean,24,575
86,6,Depth First Search,30,703
86,6,Random Walk,30,469
86,6,Euclidean,30,703
86,7,Depth First Search,33,1064
86,7,Random Walk,33,1016
86,7,Euclidean,33,1064
86,8,Depth First Search,38,675
86,8,Random Walk,38,475
86,8,Euclidean,38,675
86,9,Depth First Search,32,363
86,9,Random Walk,32,293
86,9,Euclidean,32,363
87,0,Depth First Search,3,176
87,0,Random Walk,3,1076
87,0,Euclidean,3,176
87,1,Depth First Search,28,669
87,1,Random Walk,28,955
87,1,Euclidean,28,669
87,2,Depth First Search,47,856
87,2,Random Walk,47,702
87,2,Euclidean,47,856
87,3,Depth First Search,47,440
87,3,Random Walk,47,818
87,3,Euclidean,47,440
87,4,Depth First Search,35,366
87,4,Random Walk,35,894
87,4,Euclidean,35,366
87,5,Depth First Search,29,422
87,5,Random Walk,29,678
87,5,Euclidean,29,422
87,6,Depth First Search,60,1025
87,6,Random Walk,60,591
87,6,Euclidean,60,1025
87,7,Depth First Search,18,721
87,7,Random Walk,18,499
87,7,Euclidean,18,721
87,8,Depth First Search,71,1018
87,8,Random Walk,71,738
87,8,Euclidean,71,1018
87,9,Depth First Search,20,1205
87,9,Random Walk,20,1199
87,9,Euclidean,20,1205
88,0,Depth First Search,35,548
88,0,Random Walk,35,1100
88,0,Euclidean,35,548
88,1,Depth First Search,16,337
88,1,Random Walk,16,27
88,1,Euclidean,16,337
88,2,Depth First Search,30,511
88,2,Random Walk,30,1083
88,2,Euclidean,30,511
88,3,Depth First Search,49,528
88,3,Random Walk,49,218
88,3,Euclidean,49,528
88,4,Depth First Search,35,508
88,4,Random Walk,35,748
88,4,Euclidean,35,508
88,5,Depth First Search,21,314
88,5,Random Walk,21,1112
88,5,Euclidean,21,314
88,6,Depth First Search,19,554
88,6,Random Walk,19,60
88,6,Euclidean,19,554
88,7,Depth First Search,47,990
88,7,Random Walk,47,650
88,7,Euclidean,47,990
88,8,Depth First Search,22,87
88,8,Random Walk,22,243
88,8,Euclidean,22,87
88,9,Depth First Search,66,961
88,9,Random Walk,66,529
88,9,Euclidean,66,961
89,0,Depth First Search,21,1122
89,0,Random Walk,21,934
89,0,Euclidean,21,1122
89,1,Depth First Search,35,348
89,1,Random Walk,35,926
89,1,Euclidean,35,348
89,2,Depth First Search,59,610
89,2,Random Walk,59,708
89,2,Euclidean,59,610
89,3,Depth First Search,15,1140
89,3,Random Walk,15,1134
89,3,Euclidean,15,1140
89,4,Depth First Search,45,1092
89,4,Random Walk,45,786
89,4,Euclidean,45,1092
89,5,Depth First Search,24,679
89,5,Random Walk,24,743
89,5,Euclidean,24,679
89,6,Depth First Search,20,415
89,6,Random Walk,20,313
89,6,Euclidean,20,415
89,7,Depth First Search,65,674
89,7,Random Walk,65,804
89,7,Euclidean,65,674
89,8,Depth First Search,55,676
89,8,Random Walk,55,910
89,8,Euclidean,55,676
89,9,Depth First Search,46,327
89,9,Random Walk,46,257
89,9,Euclidean,46,327
90,0,Depth First Search,37,1032
90,0,Random Walk,37,1004
90,0,Euclidean,37,1032
90,1,Depth First Search,54,307
90,1,Random Walk,54,683
90,1,Euclidean,54,307
90,2,Depth First Search,23,740
90,2,Random Walk,23,1040
90,2,Euclidean,23,740
90,3,Depth First Search,46,605
90,3,Random Walk,46,541
90,3,Euclidean,46,605
90,4,Depth First Search,32,1123
90,4,Random Walk,32,1089
90,4,Euclidean,32,1123
90,5,Depth First Search,40,905
90,5,Random Walk,40,353
90,5,Euclidean,40,905
90,6,Depth First Search,47,676
90,6,Random Walk,47,952
90,6,Euclidean,47,676
90,7,Depth First Search,54,753
90,7,Random Walk,54,745
90,7,Euclidean,54,753
90,8,Depth First Search,31,720
90,8,Random Walk,31,258
90,8,Euclidean,31,720
90,9,Depth First Search,10,1209
90,9,Random Walk,10,19
90,9,Euclidean,10,1209
91,0,Depth First Search,34,185
91,0,Random Walk,34,1039
91,0,Euclidean,34,185
91,1,Depth First Search,27,234
91,1,Random Walk,27,1142
91,1,Euclidean,27,234
91,2,Depth First Search,29,180
91,2,Random Walk,29,520
91,2,Euclidean,29,180
91,3,Depth First Search,45,814
91,3,Random Walk,45,572
91,3,Euclidean,45,814
91,4,Depth First Search,42,915
91,4,Random Walk,42,291
91,4,Euclidean,42,915
91,5,Depth First Search,60,935
91,5,Random Walk,60,603
91,5,Euclidean,60,935
91,6,Depth First Search,9,214
91,6,Random Walk,9,1198
91,6,Euclidean,9,214
91,7,Depth First Search,36,1141
91,7,Random Walk,36,1155
91,7,Euclidean,36,1141
91,8,Depth First Search,17,350
91,8,Random Walk,17,46
91,8,Euclidean,17,350
91,9,Depth First Search,34,831
91,9,Random Walk,34,887
91,9,Euclidean,34,831
92,0,Depth First Search,60,897
92,0,Random Walk,60,691
92,0,Euclidean,60,897
92,1,Depth First Search,47,594
92,1,Random Walk,47,264
92,1,Euclidean,47,594
92,2,Depth First Search,39,984
92,2,Random Walk,39,218
92,2,Euclidean,39,984
92,3,Depth First Search,10,31
92,3,Random Walk,10,1189
92,3,Euclidean,10,31
92,4,Depth First Search,42,803
92,4,Random Walk,42,523
92,4,Euclidean,42,803
92,5,Depth First Search,17,40
92,5,Random Walk,17,1130
92,5,Euclidean,17,40
92,6,Depth First Search,26,299
92,6,Random Walk,26,955
92,6,Euclidean,26,299
92,7,Depth First Search,35,182
92,7,Random Walk,35,222
92,7,Euclidean,35,182
92,8,Depth First Search,47,918
92,8,Random Walk,47,824
92,8,Euclidean,47,918
92,9,Depth First Search,22,1041
92,9,Random Walk,22,101
92,9,Euclidean,22,1041
93,0,Depth First Search,41,240
93,0,Random Walk,41,192
93,0,Euclidean,41,240
93,1,Depth First Search,55,504
93,1,Random Walk,55,834
93,1,Euclidean,55,504
93,2,Depth First Search,17,252
93,2,Random Walk,17,1206
93,2,Euclidean,17,252
93,3,Depth First Search,32,569
93,3,Random Walk,32,1079
93,3,Euclidean,32,569
93,4,Depth First Search,21,74
93,4,Random Walk,21,74
93,4,Euclidean,21,74
93,5,Depth First Search,31,600
93,5,Random Walk,31,574
93,5,Euclidean,31,600
93,6,Depth First Search,58,365
93,6,Random Walk,58,593
93,6,Euclidean,58,365
93,7,Depth First Search,9,12
93,7,Random Walk,9,176
93,7,Euclidean,9,12
93,8,Depth First Search,2,5
93,8,Random Walk,2,1
93,8,Euclidean,2,5
93,9,Depth First Search,42,697
93,9,Random Walk,42,801
93,9,Euclidean,42,697
94,0,Depth First Search,40,797
94,0,Random Walk,40,145
94,0,Euclidean,40,797
94,1,Depth First Search,35,918
94,1,Random Walk,35,190
94,1,Euclidean,35,918
94,2,Depth First Search,41,466
94,2,Random Walk,41,774
94,2,Euclidean,41,466
94,3,Depth First Search,35,326
94,3,Random Walk,35,360
94,3,Euclidean,35,326
94,4,Depth First Search,52,891
94,4,Random Walk,52,775
94,4,Euclidean,52,891
94,5,Depth First Search,26,397
94,5,Random Walk,26,467
94,5,Euclidean,26,397
94,6,Depth First Search,44,371
94,6,Random Walk,44,599
94,6,Euclidean,44,371
94,7,Depth First Search,23,952
94,7,Random Walk,23,642
94,7,Euclidean,23,952
94,8,Depth First Search,35,1072
94,8,Random Walk,35,914
94,8,Euclidean,35,1072
94,9,Depth First Search,38,433
94,9,Random Walk,38,799
94,9,Euclidean,38,433
95,0,Depth First Search,42,547
95,0,Random Walk,42,339
95,0,Euclidean,42,547
95,1,Depth First Search,38,1065
95,1,Random Walk,38,1013
95,1,Euclidean,38,1065
95,2,Depth First Search,12,967
95,2,Random Walk,12,1005
95,2,Euclidean,12,967
95,3,Depth First Search,9,192
95,3,Random Walk,9,742
95,3,Euclidean,9,192
95,4,Depth First Search,25,1164
95,4,Random Walk,25,648
95,4,Euclidean,25,1164
95,5,Depth First Search,57,400
95,5,Random Walk,57,928
95,5,Euclidean,57,400
95,6,Depth First Search,28,981
95,6,Random Walk,28,267
95,6,Euclidean,28,981
95,7,Depth First Search,56,155
95,7,Random Walk,56,603
95,7,Euclidean,56,155
95,8,Depth First Search,18,295
95,8,Random Walk,18,933
95,8,Euclidean,18,295
95,9,Depth First Search,14,1213
95,9,Random Walk,14,557
95,9,Euclidean,14,1213
96,0,Depth First Search,44,849
96,0,Random Walk,44,827
96,0,Euclidean,44,849
96,1,Depth First Search,1,0
96,1,Random Walk,1,0
96,1,Euclidean,1,0
96,2,Depth First Search,11,18
96,2,Random Walk,11,1194
96,2,Euclidean,11,18
96,3,Depth First Search,24,177
96,3,Random Walk,24,99
96,3,Euclidean,24,177
96,4,Depth First Search,35,272
96,4,Random Walk,35,626
96,4,Euclidean,35,272
96,5,Depth First Search,18,409
96,5,Random Walk,18,963
96,5,Euclidean,18,409
96,6,Depth First Search,8,23
96,6,Random Walk,8,1209
96,6,Euclidean,8,23
96,7,Depth First Search,36,669
96,7,Random Walk,36,319
96,7,Euclidean,36,669
96,8,Depth First Search,26,77
96,8,Random Walk,26,893
96,8,Euclidean,26,77
96,9,Depth First Search,23,632
96,9,Random Walk,23,1078
96,9,Euclidean,23,632
97,0,Depth First Search,47,964
97,0,Random Walk,47,530
97,0,Euclidean,47,964
97,1,Depth First Search,13,340
97,1,Random Walk,13,312
97,1,Euclidean,13,340
97,2,Depth First Search,59,1022
97,2,Random Walk,59,484
97,2,Euclidean,59,1022
97,3,Depth First Search,39,614
97,3,Random Walk,39,744
97,3,Euclidean,39,614
97,4,Depth First Search,35,1148
97,4,Random Walk,35,822
97,4,Euclidean,35,1148
97,5,Depth First Search,41,1082
97,5,Random Walk,41,358
97,5,Euclidean,41,1082
97,6,Depth First Search,48,133
97,6,Random Walk,48,997
97,6,Euclidean,48,133
97,7,Depth First Search,27,208
97,7,Random Walk,27,968
97,7,Euclidean,27,208
97,8,Depth First Search,40,1097
97,8,Random Walk,40,561
97,8,Euclidean,40,1097
97,9,Depth First Search,19,614
97,9,Random Walk,19,450
97,9,Euclidean,19,614
98,0,Depth First Search,41,458
98,0,Random Walk,41,980
98,0,Euclidean,41,458
98,1,Depth First Search,7,192
98,1,Random Walk,7,1054
98,1,Euclidean,7,192
98,2,Depth First Search,40,357
98,2,Random Walk,40,199
98,2,Euclidean,40,357
98,3,Depth First Search,17,136
98,3,Random Walk,17,68
98,3,Euclidean,17,136
98,4,Depth First Search,58,551
98,4,Random Walk,58,641
98,4,Euclidean,58,551
98,5,Depth First Search,23,502
98,5,Random Walk,23,450
98,5,Euclidean,23,502
98,6,Depth First Search,27,376
98,6,Random Walk,27,876
98,6,Euclidean,27,376
98,7,Depth First Search,15,16
98,7,Random Walk,15,242
98,7,Euclidean,15,16
98,8,Depth First Search,15,124
98,8,Random Walk,15,112
98,8,Euclidean,15,124
98,9,Depth First Search,41,1104
98,9,Random Walk,41,446
98,9,Euclidean,41,1104
99,0,Depth First Search,30,361
99,0,Random Walk,30,177
99,0,Euclidean,30,361
99,1,Depth First Search,52,517
99,1,Random Walk,52,683
99,1,Euclidean,52,517
99,2,Depth First Search,36,1163
99,2,Random Walk,36,279
99,2,Euclidean,36,1163
99,3,Depth First Search,52,765
99,3,Random Walk,52,589
99,3,Euclidean,52,765
99,4,Depth First Search,12,385
99,4,Random Walk,12,551
99,4,Euclidean,12,385
99,5,Depth First Search,49,858
99,5,Random Walk,49,536
99,5,Euclidean,49,858
99,6,Depth First Search,29,318
99,6,Random Walk,29,938
99,6,Euclidean,29,318
99,7,Depth First Search,33,210
99,7,Random Walk,33,466
99,7,Euclidean,33,210
99,8,Depth First Search,43,854
99,8,Random Walk,43,180
99,8,Euclidean,43,854
99,9,Depth First Search,5,1012
99,9,Random Walk,5,1010
99,9,Euclidean,5,1012
